stock,year,bbmsy,ffmsy,bbmsy.effEdepP,ffmsy.effEdepP
Artemesia longinaris,1950,1.51902444438246,0.08567032219996,1.51902444438246,0.08567032219996
Artemesia longinaris,1951,2.18312834815013,0.0894143354123893,2.18312834815013,0.0894143354123893
Artemesia longinaris,1952,1.98865906814863,0.0654387248494094,1.98865906814863,0.0654387248494094
Artemesia longinaris,1953,2.30357119102622,0.0988624964802157,2.30357119102622,0.0988624964802157
Artemesia longinaris,1954,1.69641903082063,0.0575338306230162,1.69641903082063,0.0575338306230162
Artemesia longinaris,1955,2.21884667264352,0.0879749704098426,2.21884667264352,0.0879749704098426
Artemesia longinaris,1956,2.07288288825847,0.0941698016204819,2.07288288825847,0.0941698016204819
Artemesia longinaris,1957,1.18820372316772,0.0547613641678057,1.18820372316772,0.0547613641678057
Artemesia longinaris,1958,1.20786111778722,0.0808052215172716,1.20786111778722,0.0808052215172716
Artemesia longinaris,1959,1.17098164187391,0.083350141193251,1.17098164187391,0.083350141193251
Artemesia longinaris,1960,1.20254555045728,0.0811624018298362,1.20254555045728,0.0811624018298362
Artemesia longinaris,1961,1.50814799492241,0.107860198417195,1.50814799492241,0.107860198417195
Artemesia longinaris,1962,1.40916023095604,0.0923495502648208,1.40916023095604,0.0923495502648208
Artemesia longinaris,1963,1.29641441055658,0.100380952664658,1.29641441055658,0.100380952664658
Artemesia longinaris,1964,1.2414699755979,0.104823568944699,1.2414699755979,0.104823568944699
Artemesia longinaris,1965,1.10961183544018,0.117280033813118,1.10961183544018,0.117280033813118
Artemesia longinaris,1966,0.88775737449078,0.0732944142843684,0.88775737449078,0.0732944142843684
Artemesia longinaris,1967,1.11467963764597,0.116746829478904,1.11467963764597,0.116746829478904
Artemesia longinaris,1968,1.28735372958735,0.1516311840976,1.28735372958735,0.1516311840976
Artemesia longinaris,1969,1.24127981214083,0.104839627863936,1.24127981214083,0.104839627863936
Artemesia longinaris,1970,1.18919257828777,0.0820737422742958,1.18919257828777,0.0820737422742958
Artemesia longinaris,1971,1.44692859096026,0.134908503148897,1.44692859096026,0.134908503148897
Artemesia longinaris,1972,1.13962855615174,0.114190990456836,1.13962855615174,0.114190990456836
Artemesia longinaris,1973,1.20853303244665,0.134600493000598,1.20853303244665,0.134600493000598
Artemesia longinaris,1974,0.947367083987248,0.137365247093187,0.947367083987248,0.137365247093187
Artemesia longinaris,1975,0.558351419912116,0.0699211870547462,0.558351419912116,0.0699211870547462
Artemesia longinaris,1976,0.667995887775736,0.124194271140504,0.667995887775736,0.124194271140504
Artemesia longinaris,1977,0.680556931960115,0.249062551533459,0.680556931960115,0.249062551533459
Artemesia longinaris,1978,0.432236020150878,0.150537330894398,0.432236020150878,0.150537330894398
Artemesia longinaris,1979,0.213798318971591,0.0730419102671166,0.213798318971591,0.0730419102671166
Artemesia longinaris,1980,0.216143176139292,0.111384654571557,0.216143176139292,0.111384654571557
Artemesia longinaris,1981,0.272198146064763,0.136255756721561,0.272198146064763,0.136255756721561
Artemesia longinaris,1982,0.32383167528257,0.147683909237315,0.32383167528257,0.147683909237315
Artemesia longinaris,1983,0.411650249085667,0.248162660868283,0.411650249085667,0.248162660868283
Artemesia longinaris,1984,0.326794418434101,0.123447479314558,0.326794418434101,0.123447479314558
Artemesia longinaris,1985,0.48146041125871,0.289889096903138,0.48146041125871,0.289889096903138
Artemesia longinaris,1986,0.388966446967892,0.176484060382317,0.388966446967892,0.176484060382317
Artemesia longinaris,1987,0.339487020003617,0.282705341029311,0.339487020003617,0.282705341029311
Artemesia longinaris,1988,0.328385515711431,0.334863551264586,0.328385515711431,0.334863551264586
Artemesia longinaris,1989,0.23854532104859,0.241400149900064,0.23854532104859,0.241400149900064
Artemesia longinaris,1990,0.219811809755271,0.291575061455698,0.219811809755271,0.291575061455698
Artemesia longinaris,1991,0.208784403327574,0.232179241053951,0.208784403327574,0.232179241053951
Artemesia longinaris,1992,0.276113503117651,0.450101943822037,0.276113503117651,0.450101943822037
Artemesia longinaris,1993,0.237051370044457,0.274487579539099,0.237051370044457,0.274487579539099
Artemesia longinaris,1994,0.220013011918389,0.319404151238073,0.220013011918389,0.319404151238073
Artemesia longinaris,1995,0.223663266348602,0.36364742550368,0.223663266348602,0.36364742550368
Artemesia longinaris,1996,0.202851450642415,0.42180604776443,0.202851450642415,0.42180604776443
Artemesia longinaris,1997,0.145471882957557,0.39808527507638,0.145471882957557,0.39808527507638
Artemesia longinaris,1998,0.0946353704329465,0.501920045743412,0.0946353704329465,0.501920045743412
Artemesia longinaris,1999,0.0594086540433094,0.202622272798197,0.0594086540433094,0.202622272798197
Artemesia longinaris,2000,0.0650416775697813,0.190075890598348,0.0650416775697813,0.190075890598348
Artemesia longinaris,2001,0.140600104340251,0.654841152428601,0.140600104340251,0.654841152428601
Artemesia longinaris,2002,0.185745905714255,0.521953946948054,0.185745905714255,0.521953946948054
Artemesia longinaris,2003,0.202143925333289,0.666307678220273,0.202143925333289,0.666307678220273
Artemesia longinaris,2004,0.146761375693569,0.367986160394168,0.146761375693569,0.367986160394168
Artemesia longinaris,2005,0.136699959239852,0.430769911873683,0.136699959239852,0.430769911873683
Artemesia longinaris,2006,0.108943989239523,0.361341021498289,0.108943989239523,0.361341021498289
Artemesia longinaris,2007,0.108055830462625,0.313126847351998,0.108055830462625,0.313126847351998
Artemesia longinaris,2008,0.172047313602414,0.693990203679918,0.172047313602414,0.693990203679918
Artemesia longinaris,2009,0.173494589856517,0.414420765583154,0.173494589856517,0.414420765583154
Artemesia longinaris,2010,0.215523859928335,0.156990421116319,0.215523859928335,0.156990421116319
Artemesia longinaris,2011,1.035705050926,1.04728449254771,1.035705050926,1.04728449254771
Artemesia longinaris,2012,1.53898321989746,0.735031544637837,1.53898321989746,0.735031544637837
Artemesia longinaris,2013,1.59294296806091,0.639466815492046,1.59294296806091,0.639466815492046
Artemesia longinaris,2014,1.56284877534395,0.663646070940694,1.56284877534395,0.663646070940694
Artemesia longinaris,2015,1.48769145832042,0.624787802635864,1.48769145832042,0.624787802635864
Artemesia longinaris,2016,1.37877497140023,0.678626261752462,1.37877497140023,0.678626261752462
Artemesia longinaris,2017,1.31872397893223,0.723591291330701,1.31872397893223,0.723591291330701
Artemesia longinaris,2018,1.18978729652559,0.780951470631391,1.18978729652559,0.780951470631391
Artemesia longinaris,2019,0.951194102399437,0.986760690407011,0.951194102399437,0.986760690407011
Brevoortia aurea,1950,1.3709107543411,0.0358906672299099,1.3709107543411,0.0358906672299099
Brevoortia aurea,1951,0.919016528875728,0.0535386471733574,0.919016528875728,0.0535386471733574
Brevoortia aurea,1952,0.827104360656958,0.0594881420367316,0.827104360656958,0.0594881420367316
Brevoortia aurea,1953,0.878243631075529,0.0672290466266709,0.878243631075529,0.0672290466266709
Brevoortia aurea,1954,0.918055535482654,0.0535946898463975,0.918055535482654,0.0535946898463975
Brevoortia aurea,1955,1.26629320955758,0.0777117042318369,1.26629320955758,0.0777117042318369
Brevoortia aurea,1956,1.45064810566508,0.0678357507845132,1.45064810566508,0.0678357507845132
Brevoortia aurea,1957,2.08969292293293,0.0941820707645485,2.08969292293293,0.0941820707645485
Brevoortia aurea,1958,2.41857299744911,0.0935813589228596,2.41857299744911,0.0935813589228596
Brevoortia aurea,1959,2.50942185639904,0.105879236058563,2.50942185639904,0.105879236058563
Brevoortia aurea,1960,2.31610589622342,0.0977215023391093,2.31610589622342,0.0977215023391093
Brevoortia aurea,1961,2.27603851583467,0.129706684690046,2.27603851583467,0.129706684690046
Brevoortia aurea,1962,1.4874106880931,0.0793909610786096,1.4874106880931,0.0793909610786096
Brevoortia aurea,1963,1.46280447863106,0.100908021006348,1.46280447863106,0.100908021006348
Brevoortia aurea,1964,1.39148840692033,0.113151704758753,1.39148840692033,0.113151704758753
Brevoortia aurea,1965,1.2964825266621,0.0986727871395684,1.2964825266621,0.0986727871395684
Brevoortia aurea,1966,1.38595379019776,0.120703783138685,1.38595379019776,0.120703783138685
Brevoortia aurea,1967,1.46128597059521,0.134683840606285,1.46128597059521,0.134683840606285
Brevoortia aurea,1968,1.34027011939373,0.102791312532589,1.34027011939373,0.102791312532589
Brevoortia aurea,1969,1.63683057085149,0.120239449487715,1.63683057085149,0.120239449487715
Brevoortia aurea,1970,1.64143404220939,0.0959217862833813,1.64143404220939,0.0959217862833813
Brevoortia aurea,1971,2.14398919209157,0.11474615139725,2.14398919209157,0.11474615139725
Brevoortia aurea,1972,3.18801877951417,0.194464526127286,3.18801877951417,0.194464526127286
Brevoortia aurea,1973,3.88020810937265,0.289114946110788,3.88020810937265,0.289114946110788
Brevoortia aurea,1974,3.48937375859062,0.232550110920942,3.48937375859062,0.232550110920942
Brevoortia aurea,1975,2.98140403734565,0.192263040319682,2.98140403734565,0.192263040319682
Brevoortia aurea,1976,1.82457373674993,0.100586136691602,1.82457373674993,0.100586136691602
Brevoortia aurea,1977,2.19789708500038,0.172061515045065,2.19789708500038,0.172061515045065
Brevoortia aurea,1978,2.30061355293933,0.159588754883044,2.30061355293933,0.159588754883044
Brevoortia aurea,1979,2.28830753774128,0.15429745201424,2.28830753774128,0.15429745201424
Brevoortia aurea,1980,2.3222595455568,0.178864975203834,2.3222595455568,0.178864975203834
Brevoortia aurea,1981,1.93202319772124,0.162887153505501,1.93202319772124,0.162887153505501
Brevoortia aurea,1982,1.75249053093578,0.150880355124752,1.75249053093578,0.150880355124752
Brevoortia aurea,1983,1.6520580362837,0.139859993561144,1.6520580362837,0.139859993561144
Brevoortia aurea,1984,2.17812960653388,0.274553022601262,2.17812960653388,0.274553022601262
Brevoortia aurea,1985,1.99792040854241,0.179531252474837,1.99792040854241,0.179531252474837
Brevoortia aurea,1986,2.50949948888419,0.307040285847897,2.50949948888419,0.307040285847897
Brevoortia aurea,1987,1.48815901212182,0.274422343759625,1.48815901212182,0.274422343759625
Brevoortia aurea,1988,1.46736812208017,0.254905672944857,1.46736812208017,0.254905672944857
Brevoortia aurea,1989,1.32154911557245,0.314306060318433,1.32154911557245,0.314306060318433
Brevoortia aurea,1990,1.19430206603093,0.30280557798386,1.19430206603093,0.30280557798386
Brevoortia aurea,1991,1.12939004349416,0.326134380361227,1.12939004349416,0.326134380361227
Brevoortia aurea,1992,1.17652865766805,0.315911318362989,1.17652865766805,0.315911318362989
Brevoortia aurea,1993,1.20574276705307,0.288669636706325,1.20574276705307,0.288669636706325
Brevoortia aurea,1994,1.41193225864603,0.277598526721265,1.41193225864603,0.277598526721265
Brevoortia aurea,1995,1.99480625447736,0.563705428839039,1.99480625447736,0.563705428839039
Brevoortia aurea,1996,1.49871246852297,0.441302396792966,1.49871246852297,0.441302396792966
Brevoortia aurea,1997,0.976278912607007,0.331520719244028,0.976278912607007,0.331520719244028
Brevoortia aurea,1998,0.715142595817985,0.418313276261317,0.715142595817985,0.418313276261317
Brevoortia aurea,1999,0.503407709314367,0.470518755143461,0.503407709314367,0.470518755143461
Brevoortia aurea,2000,0.308013211020117,0.445363007145498,0.308013211020117,0.445363007145498
Brevoortia aurea,2001,0.196457503273558,0.305048843922505,0.196457503273558,0.305048843922505
Brevoortia aurea,2002,0.199259702979008,0.408913613609751,0.199259702979008,0.408913613609751
Brevoortia aurea,2003,0.216464530744233,0.468242890068864,0.216464530744233,0.468242890068864
Brevoortia aurea,2004,0.233420679402101,0.485240125130333,0.233420679402101,0.485240125130333
Brevoortia aurea,2005,0.228317781747738,0.446519808982515,0.228317781747738,0.446519808982515
Brevoortia aurea,2006,0.227651038946265,0.426214273274712,0.227651038946265,0.426214273274712
Brevoortia aurea,2007,0.244919602481153,0.62598599744687,0.244919602481153,0.62598599744687
Brevoortia aurea,2008,0.215584406190308,0.477457865093297,0.215584406190308,0.477457865093297
Brevoortia aurea,2009,0.202014003079017,0.569934698537282,0.202014003079017,0.569934698537282
Brevoortia aurea,2010,0.187214323282605,0.539823867591624,0.187214323282605,0.539823867591624
Brevoortia aurea,2011,0.180265655004215,0.480386055598151,0.180265655004215,0.480386055598151
Brevoortia aurea,2012,0.195305321882499,0.642416694485601,0.195305321882499,0.642416694485601
Brevoortia aurea,2013,0.177551646892535,0.586383408938526,0.177551646892535,0.586383408938526
Brevoortia aurea,2014,0.179008433757064,0.755874886990086,0.179008433757064,0.755874886990086
Brevoortia aurea,2015,0.146754037205204,0.598800442459041,0.146754037205204,0.598800442459041
Brevoortia aurea,2016,0.130150910711393,0.663090938706904,0.130150910711393,0.663090938706904
Brevoortia aurea,2017,0.132343446706866,0.626080765621017,0.132343446706866,0.626080765621017
Brevoortia aurea,2018,0.16273245603196,0.507350967608011,0.16273245603196,0.507350967608011
Brevoortia aurea,2019,0.291118758535381,0.29949132177591,0.291118758535381,0.29949132177591
Callorhinchus callorynchus,1950,1.46221687776929,0.147154630573804,1.46221687776929,0.147154630573804
Callorhinchus callorynchus,1951,1.04861268824063,0.102598407820116,1.04861268824063,0.102598407820116
Callorhinchus callorynchus,1952,0.961554928572039,0.1118875157691,0.961554928572039,0.1118875157691
Callorhinchus callorynchus,1953,1.00480519282732,0.107071493062984,1.00480519282732,0.107071493062984
Callorhinchus callorynchus,1954,1.29447077841053,0.166223902505647,1.29447077841053,0.166223902505647
Callorhinchus callorynchus,1955,1.12336841197975,0.0957708896619751,1.12336841197975,0.0957708896619751
Callorhinchus callorynchus,1956,1.43227327362523,0.150231096557641,1.43227327362523,0.150231096557641
Callorhinchus callorynchus,1957,1.58345654296929,0.135887521146258,1.58345654296929,0.135887521146258
Callorhinchus callorynchus,1958,1.90743597276188,0.169210385726888,1.90743597276188,0.169210385726888
Callorhinchus callorynchus,1959,1.86075892832896,0.173455019769934,1.86075892832896,0.173455019769934
Callorhinchus callorynchus,1960,1.69408646494649,0.158766973321014,1.69408646494649,0.158766973321014
Callorhinchus callorynchus,1961,1.77911483447732,0.181414920749173,1.77911483447732,0.181414920749173
Callorhinchus callorynchus,1962,1.74598139953711,0.184857626081211,1.74598139953711,0.184857626081211
Callorhinchus callorynchus,1963,1.80553004019211,0.178760790192136,1.80553004019211,0.178760790192136
Callorhinchus callorynchus,1964,2.17035009217984,0.247854004340387,2.17035009217984,0.247854004340387
Callorhinchus callorynchus,1965,1.98223503035542,0.217100375255037,1.98223503035542,0.217100375255037
Callorhinchus callorynchus,1966,1.9116017851115,0.253262457077237,1.9116017851115,0.253262457077237
Callorhinchus callorynchus,1967,1.51668687461316,0.212804621773168,1.51668687461316,0.212804621773168
Callorhinchus callorynchus,1968,1.34383631543508,0.240176554981613,1.34383631543508,0.240176554981613
Callorhinchus callorynchus,1969,1.08856833087648,0.197665115145938,1.08856833087648,0.197665115145938
Callorhinchus callorynchus,1970,0.912538330877817,0.176846257181276,0.912538330877817,0.176846257181276
Callorhinchus callorynchus,1971,0.899207449482671,0.179468028699089,0.899207449482671,0.179468028699089
Callorhinchus callorynchus,1972,1.0541073791868,0.153095397619441,1.0541073791868,0.153095397619441
Callorhinchus callorynchus,1973,1.93006325319802,0.334453263296513,1.93006325319802,0.334453263296513
Callorhinchus callorynchus,1974,1.74357910727825,0.215964375373201,1.74357910727825,0.215964375373201
Callorhinchus callorynchus,1975,1.78403597340568,0.231269036255862,1.78403597340568,0.231269036255862
Callorhinchus callorynchus,1976,1.89605712328093,0.253920258695393,1.89605712328093,0.253920258695393
Callorhinchus callorynchus,1977,1.99738697296248,0.286553124872494,1.99738697296248,0.286553124872494
Callorhinchus callorynchus,1978,2.10216419837911,0.279691495083595,2.10216419837911,0.279691495083595
Callorhinchus callorynchus,1979,2.25676881735239,0.296523448280006,2.25676881735239,0.296523448280006
Callorhinchus callorynchus,1980,2.52846771877995,0.358908218502834,2.52846771877995,0.358908218502834
Callorhinchus callorynchus,1981,2.18515971795819,0.300578706987606,2.18515971795819,0.300578706987606
Callorhinchus callorynchus,1982,2.56152773476327,0.395226713018754,2.56152773476327,0.395226713018754
Callorhinchus callorynchus,1983,1.98036990451771,0.382456521680991,1.98036990451771,0.382456521680991
Callorhinchus callorynchus,1984,1.334446534903,0.291046079257888,1.334446534903,0.291046079257888
Callorhinchus callorynchus,1985,1.49246694328023,0.454862745235134,1.49246694328023,0.454862745235134
Callorhinchus callorynchus,1986,1.10929110151566,0.379216266188439,1.10929110151566,0.379216266188439
Callorhinchus callorynchus,1987,0.839986738739082,0.438035598027132,0.839986738739082,0.438035598027132
Callorhinchus callorynchus,1988,0.933460432816164,0.530749324575449,0.933460432816164,0.530749324575449
Callorhinchus callorynchus,1989,0.798328372657705,0.524906108941465,0.798328372657705,0.524906108941465
Callorhinchus callorynchus,1990,0.741715094046354,0.616463748226796,0.741715094046354,0.616463748226796
Callorhinchus callorynchus,1991,0.616686334226867,0.56350000904388,0.616686334226867,0.56350000904388
Callorhinchus callorynchus,1992,0.577034523796475,0.454929142406447,0.577034523796475,0.454929142406447
Callorhinchus callorynchus,1993,0.706287898438901,0.544565357957769,0.706287898438901,0.544565357957769
Callorhinchus callorynchus,1994,0.870089666702721,0.706037594930947,0.870089666702721,0.706037594930947
Callorhinchus callorynchus,1995,0.812423331889354,0.609821843844533,0.812423331889354,0.609821843844533
Callorhinchus callorynchus,1996,0.854527351712946,0.513047262293628,0.854527351712946,0.513047262293628
Callorhinchus callorynchus,1997,1.13429311312334,0.676743996507252,1.13429311312334,0.676743996507252
Callorhinchus callorynchus,1998,1.27890737599668,0.768887557824498,1.27890737599668,0.768887557824498
Callorhinchus callorynchus,1999,1.19467398143474,0.907751251442585,1.19467398143474,0.907751251442585
Callorhinchus callorynchus,2000,0.815933502234597,0.950024814423183,0.815933502234597,0.950024814423183
Callorhinchus callorynchus,2001,0.491084781528925,0.504975355428561,0.491084781528925,0.504975355428561
Callorhinchus callorynchus,2002,0.566224618985925,0.539616625095247,0.566224618985925,0.539616625095247
Callorhinchus callorynchus,2003,0.955234001178221,0.965784176719018,0.955234001178221,0.965784176719018
Callorhinchus callorynchus,2004,1.08253167893942,0.817927764431666,1.08253167893942,0.817927764431666
Callorhinchus callorynchus,2005,1.1780226041749,0.856196369759081,1.1780226041749,0.856196369759081
Callorhinchus callorynchus,2006,1.09834922646099,0.741500008910166,1.09834922646099,0.741500008910166
Callorhinchus callorynchus,2007,1.19722530817696,0.76023910293128,1.19722530817696,0.76023910293128
Callorhinchus callorynchus,2008,1.48055122411067,0.978450027146958,1.48055122411067,0.978450027146958
Callorhinchus callorynchus,2009,1.42260402645161,1.05195903015978,1.42260402645161,1.05195903015978
Callorhinchus callorynchus,2010,1.20875088478238,0.951918382375381,1.20875088478238,0.951918382375381
Callorhinchus callorynchus,2011,1.16145442622334,1.07590213750785,1.16145442622334,1.07590213750785
Callorhinchus callorynchus,2012,0.871328259355005,0.98964049253894,0.871328259355005,0.98964049253894
Callorhinchus callorynchus,2013,0.716393867533312,0.985162130828377,0.716393867533312,0.985162130828377
Callorhinchus callorynchus,2014,0.665098779829828,0.744902124706719,0.665098779829828,0.744902124706719
Callorhinchus callorynchus,2015,0.934009934442143,1.54408446067644,0.934009934442143,1.54408446067644
Callorhinchus callorynchus,2016,0.672092368541507,1.49991399160674,0.672092368541507,1.49991399160674
Callorhinchus callorynchus,2017,0.469860140265977,1.00863268699516,0.469860140265977,1.00863268699516
Callorhinchus callorynchus,2018,0.495363475071754,1.07832829491871,0.495363475071754,1.07832829491871
Callorhinchus callorynchus,2019,0.59510999495128,1.12628041421037,0.59510999495128,1.12628041421037
Cynoscion guatucupa,1950,1.34395026216894,0.0198690190028061,1.34395026216894,0.0198690190028061
Cynoscion guatucupa,1951,0.672066736307846,0.0198663107808013,0.672066736307846,0.0198663107808013
Cynoscion guatucupa,1952,0.526103410072686,0.0296077427470013,0.526103410072686,0.0296077427470013
Cynoscion guatucupa,1953,0.387388037849368,0.0172327038323807,0.387388037849368,0.0172327038323807
Cynoscion guatucupa,1954,0.493473153351248,0.0360748747478523,0.493473153351248,0.0360748747478523
Cynoscion guatucupa,1955,0.480721701172041,0.0277738379947866,0.480721701172041,0.0277738379947866
Cynoscion guatucupa,1956,0.504667609673884,0.0308653341826671,0.504667609673884,0.0308653341826671
Cynoscion guatucupa,1957,0.522744601121563,0.029797982399688,0.522744601121563,0.029797982399688
Cynoscion guatucupa,1958,0.609205125110811,0.0365270691775121,0.609205125110811,0.0365270691775121
Cynoscion guatucupa,1959,0.607140434671058,0.0366512860575225,0.607140434671058,0.0366512860575225
Cynoscion guatucupa,1960,0.59404917249195,0.037458982822704,0.59404917249195,0.037458982822704
Cynoscion guatucupa,1961,0.586768015526272,0.0379238083184532,0.586768015526272,0.0379238083184532
Cynoscion guatucupa,1962,0.592744335806379,0.037541443087676,0.592744335806379,0.037541443087676
Cynoscion guatucupa,1963,0.674501142642168,0.032991015643131,0.674501142642168,0.032991015643131
Cynoscion guatucupa,1964,0.990319711872743,0.0539279850289243,0.990319711872743,0.0539279850289243
Cynoscion guatucupa,1965,1.15657940381672,0.0442517812888623,1.15657940381672,0.0442517812888623
Cynoscion guatucupa,1966,1.47009828829023,0.0438965108549877,1.47009828829023,0.0438965108549877
Cynoscion guatucupa,1967,2.21582722055053,0.07029760388936,2.21582722055053,0.07029760388936
Cynoscion guatucupa,1968,2.09083095353965,0.0542787241234311,2.09083095353965,0.0542787241234311
Cynoscion guatucupa,1969,2.21826487084891,0.0541699872812704,2.21826487084891,0.0541699872812704
Cynoscion guatucupa,1970,1.89197236347274,0.0505745518088346,1.89197236347274,0.0505745518088346
Cynoscion guatucupa,1971,1.4878916856337,0.0358937059137986,1.4878916856337,0.0358937059137986
Cynoscion guatucupa,1972,1.83694358811653,0.0557237567359128,1.83694358811653,0.0557237567359128
Cynoscion guatucupa,1973,2.07541368516626,0.0611151039772964,2.07541368516626,0.0611151039772964
Cynoscion guatucupa,1974,1.59811681161172,0.0543043303139555,1.59811681161172,0.0543043303139555
Cynoscion guatucupa,1975,1.16054748956601,0.0378497144407314,1.16054748956601,0.0378497144407314
Cynoscion guatucupa,1976,1.34457781805347,0.066761844521772,1.34457781805347,0.066761844521772
Cynoscion guatucupa,1977,1.08801256048994,0.0422137719178891,1.08801256048994,0.0422137719178891
Cynoscion guatucupa,1978,1.43116308374966,0.055990245473204,1.43116308374966,0.055990245473204
Cynoscion guatucupa,1979,1.97602025941556,0.066407649747503,1.97602025941556,0.066407649747503
Cynoscion guatucupa,1980,2.5068143245436,0.0799799261351128,2.5068143245436,0.0799799261351128
Cynoscion guatucupa,1981,2.49347903737002,0.0738215534097308,2.49347903737002,0.0738215534097308
Cynoscion guatucupa,1982,3.16044067772285,0.105790145191989,3.16044067772285,0.105790145191989
Cynoscion guatucupa,1983,1.96182831949463,0.0808963096939948,1.96182831949463,0.0808963096939948
Cynoscion guatucupa,1984,1.37654817134792,0.0559808454553535,1.37654817134792,0.0559808454553535
Cynoscion guatucupa,1985,1.95732182791283,0.0924514029670155,1.95732182791283,0.0924514029670155
Cynoscion guatucupa,1986,2.43840287136909,0.114191652795712,2.43840287136909,0.114191652795712
Cynoscion guatucupa,1987,1.94802828583609,0.118194581123335,1.94802828583609,0.118194581123335
Cynoscion guatucupa,1988,2.54580868788494,0.154572815456298,2.54580868788494,0.154572815456298
Cynoscion guatucupa,1989,1.76202793983801,0.127324587530748,1.76202793983801,0.127324587530748
Cynoscion guatucupa,1990,1.48467965418978,0.142206777252771,1.48467965418978,0.142206777252771
Cynoscion guatucupa,1991,1.15904905662276,0.102118998731296,1.15904905662276,0.102118998731296
Cynoscion guatucupa,1992,1.42550717900356,0.1588027471674,1.42550717900356,0.1588027471674
Cynoscion guatucupa,1993,1.39388253429471,0.102283816193284,1.39388253429471,0.102283816193284
Cynoscion guatucupa,1994,2.05735817508945,0.16994169251292,2.05735817508945,0.16994169251292
Cynoscion guatucupa,1995,2.27001991166889,0.188389588640587,2.27001991166889,0.188389588640587
Cynoscion guatucupa,1996,2.41787368869667,0.174596281573745,2.41787368869667,0.174596281573745
Cynoscion guatucupa,1997,2.62320079466707,0.204710517819181,2.62320079466707,0.204710517819181
Cynoscion guatucupa,1998,2.01756667667129,0.188524922892673,2.01756667667129,0.188524922892673
Cynoscion guatucupa,1999,1.56960323753174,0.164213760263979,1.56960323753174,0.164213760263979
Cynoscion guatucupa,2000,1.34215105817093,0.156396421491479,1.34215105817093,0.156396421491479
Cynoscion guatucupa,2001,1.46587983346769,0.179795328670573,1.46587983346769,0.179795328670573
Cynoscion guatucupa,2002,1.77458916019696,0.216294000486513,1.77458916019696,0.216294000486513
Cynoscion guatucupa,2003,1.84531978758693,0.188878134464762,1.84531978758693,0.188878134464762
Cynoscion guatucupa,2004,2.13194536139119,0.228156368313716,2.13194536139119,0.228156368313716
Cynoscion guatucupa,2005,2.12523448595566,0.20298302915641,2.12523448595566,0.20298302915641
Cynoscion guatucupa,2006,2.07682511868485,0.219082679819439,2.07682511868485,0.219082679819439
Cynoscion guatucupa,2007,1.91016966815472,0.218078210742948,1.91016966815472,0.218078210742948
Cynoscion guatucupa,2008,1.97636287081191,0.235375828091418,1.97636287081191,0.235375828091418
Cynoscion guatucupa,2009,1.80311541444665,0.24181205790001,1.80311541444665,0.24181205790001
Cynoscion guatucupa,2010,1.74438724951851,0.239492702873372,1.74438724951851,0.239492702873372
Cynoscion guatucupa,2011,1.83160695873013,0.234430104440803,1.83160695873013,0.234430104440803
Cynoscion guatucupa,2012,1.85199433358334,0.255832184593304,1.85199433358334,0.255832184593304
Cynoscion guatucupa,2013,1.73413378389104,0.277608399119445,1.73413378389104,0.277608399119445
Cynoscion guatucupa,2014,1.67326450092556,0.275698262852718,1.67326450092556,0.275698262852718
Cynoscion guatucupa,2015,1.60499845366599,0.313309642763599,1.60499845366599,0.313309642763599
Cynoscion guatucupa,2016,1.21668607800647,0.286906067839819,1.21668607800647,0.286906067839819
Cynoscion guatucupa,2017,1.17796550298858,0.336214938347491,1.17796550298858,0.336214938347491
Cynoscion guatucupa,2018,1.07350622410446,0.313792319586717,1.07350622410446,0.313792319586717
Cynoscion guatucupa,2019,1.07089922364341,0.325589995901353,1.07089922364341,0.325589995901353
Elasmobranchii,1950,1.13668229033666,0.077533357623989,1.13668229033666,0.077533357623989
Elasmobranchii,1951,0.81638750606155,0.107952159810347,0.81638750606155,0.107952159810347
Elasmobranchii,1952,0.744258064575355,0.118414295680909,0.744258064575355,0.118414295680909
Elasmobranchii,1953,0.779222828385243,0.113100888874313,0.779222828385243,0.113100888874313
Elasmobranchii,1954,0.983191204510615,0.147638223445653,0.983191204510615,0.147638223445653
Elasmobranchii,1955,1.08900513773427,0.133292853919261,1.08900513773427,0.133292853919261
Elasmobranchii,1956,1.24154422865563,0.158671952259683,1.24154422865563,0.158671952259683
Elasmobranchii,1957,1.27492027449249,0.154518090675083,1.27492027449249,0.154518090675083
Elasmobranchii,1958,1.30647812496095,0.158721812009649,1.30647812496095,0.158721812009649
Elasmobranchii,1959,1.26025049727626,0.148089541098099,1.26025049727626,0.148089541098099
Elasmobranchii,1960,1.39969333519776,0.188893078873756,1.39969333519776,0.188893078873756
Elasmobranchii,1961,1.46394355569886,0.177061621106847,1.46394355569886,0.177061621106847
Elasmobranchii,1962,1.62109200147939,0.201470586413332,1.62109200147939,0.201470586413332
Elasmobranchii,1963,1.69983709264616,0.182988043008839,1.69983709264616,0.182988043008839
Elasmobranchii,1964,1.93439776392516,0.22511906100449,1.93439776392516,0.22511906100449
Elasmobranchii,1965,2.07156683367367,0.235238102936811,2.07156683367367,0.235238102936811
Elasmobranchii,1966,2.10658754073896,0.228866485893802,2.10658754073896,0.228866485893802
Elasmobranchii,1967,2.24922235846916,0.251230793472591,2.24922235846916,0.251230793472591
Elasmobranchii,1968,2.24382399366486,0.240283149399699,2.24382399366486,0.240283149399699
Elasmobranchii,1969,2.42414119392068,0.226687053560141,2.42414119392068,0.226687053560141
Elasmobranchii,1970,2.5390725879322,0.242968855866032,2.5390725879322,0.242968855866032
Elasmobranchii,1971,2.42270680506305,0.252499145166331,2.42270680506305,0.252499145166331
Elasmobranchii,1972,2.02203152977808,0.187160286291748,2.02203152977808,0.187160286291748
Elasmobranchii,1973,2.40899971421035,0.25608785173846,2.40899971421035,0.25608785173846
Elasmobranchii,1974,2.54046234051625,0.257181626685623,2.54046234051625,0.257181626685623
Elasmobranchii,1975,2.53691198163499,0.272132094437759,2.53691198163499,0.272132094437759
Elasmobranchii,1976,2.41796320623723,0.283353842263513,2.41796320623723,0.283353842263513
Elasmobranchii,1977,2.00750095164022,0.270841794674991,2.00750095164022,0.270841794674991
Elasmobranchii,1978,1.95278202151761,0.21543364036287,1.95278202151761,0.21543364036287
Elasmobranchii,1979,2.68171950757175,0.344274571770833,2.68171950757175,0.344274571770833
Elasmobranchii,1980,2.83575702789983,0.313453097874772,2.83575702789983,0.313453097874772
Elasmobranchii,1981,3.07911270845199,0.34602483410134,3.07911270845199,0.34602483410134
Elasmobranchii,1982,3.38122235959551,0.38703122012761,3.38122235959551,0.38703122012761
Elasmobranchii,1983,3.06285817379413,0.387958648734102,3.06285817379413,0.387958648734102
Elasmobranchii,1984,2.61319402594576,0.401410615119512,2.61319402594576,0.401410615119512
Elasmobranchii,1985,2.76566880880333,0.448092154765415,2.76566880880333,0.448092154765415
Elasmobranchii,1986,2.51939917252139,0.439977134467388,2.51939917252139,0.439977134467388
Elasmobranchii,1987,2.0701951546733,0.58593064510899,2.0701951546733,0.58593064510899
Elasmobranchii,1988,2.02829313559256,0.529255313287064,2.02829313559256,0.529255313287064
Elasmobranchii,1989,1.86371712847847,0.585504497669602,1.86371712847847,0.585504497669602
Elasmobranchii,1990,1.73467250449193,0.638265715599064,1.73467250449193,0.638265715599064
Elasmobranchii,1991,1.58847648421682,0.685749289403643,1.58847648421682,0.685749289403643
Elasmobranchii,1992,1.40752618374945,0.648533345387605,1.40752618374945,0.648533345387605
Elasmobranchii,1993,1.19962636748749,0.608291880218159,1.19962636748749,0.608291880218159
Elasmobranchii,1994,1.07703285721122,0.633873519371133,1.07703285721122,0.633873519371133
Elasmobranchii,1995,0.965524085251186,0.71196587197416,0.965524085251186,0.71196587197416
Elasmobranchii,1996,0.887506917574095,0.623496781095593,0.887506917574095,0.623496781095593
Elasmobranchii,1997,0.923936655613521,0.701425130888334,0.923936655613521,0.701425130888334
Elasmobranchii,1998,0.91296224258656,0.737453749010654,0.91296224258656,0.737453749010654
Elasmobranchii,1999,0.923925518593553,0.815954500113288,0.923925518593553,0.815954500113288
Elasmobranchii,2000,0.850135690984444,0.881106298362497,0.850135690984444,0.881106298362497
Elasmobranchii,2001,0.752043668620736,0.835484360166223,0.752043668620736,0.835484360166223
Elasmobranchii,2002,0.694633547768667,0.884758142839852,0.694633547768667,0.884758142839852
Elasmobranchii,2003,0.645296483421028,0.80795638199754,0.645296483421028,0.80795638199754
Elasmobranchii,2004,0.660754236315347,0.845309556857042,0.660754236315347,0.845309556857042
Elasmobranchii,2005,0.694746380330788,0.965128916624311,0.694746380330788,0.965128916624311
Elasmobranchii,2006,0.613946142546722,0.875727773115274,0.613946142546722,0.875727773115274
Elasmobranchii,2007,0.567459162574899,0.926182216930808,0.567459162574899,0.926182216930808
Elasmobranchii,2008,0.554535262708452,0.928602891202671,0.554535262708452,0.928602891202671
Elasmobranchii,2009,0.551607634121241,1.02366093167539,0.551607634121241,1.02366093167539
Elasmobranchii,2010,0.567718540415397,1.1172481911049,0.567718540415397,1.1172481911049
Elasmobranchii,2011,0.561298940316835,0.998228299282546,0.561298940316835,0.998228299282546
Elasmobranchii,2012,0.548191181109886,1.17151516838068,0.548191181109886,1.17151516838068
Elasmobranchii,2013,0.48532158285572,1.12939897923933,0.48532158285572,1.12939897923933
Elasmobranchii,2014,0.463604341732417,1.23888738814418,0.463604341732417,1.23888738814418
Elasmobranchii,2015,0.421785890173495,1.21693050332009,0.421785890173495,1.21693050332009
Elasmobranchii,2016,0.391189391113042,1.30575043271151,0.391189391113042,1.30575043271151
Elasmobranchii,2017,0.385221828890655,1.41506748594015,0.385221828890655,1.41506748594015
Elasmobranchii,2018,0.389362642482687,1.30908049870272,0.389362642482687,1.30908049870272
Elasmobranchii,2019,0.440791276063501,1.18002408077617,0.440791276063501,1.18002408077617
Pagrus pagrus,1950,1.27212428963598,0.0116242145986253,1.27212428963598,0.0116242145986253
Pagrus pagrus,1951,0.522336064115725,0.0188734759793472,0.522336064115725,0.0188734759793472
Pagrus pagrus,1952,0.517572294992593,0.0380943773637497,0.517572294992593,0.0380943773637497
Pagrus pagrus,1953,0.602697046055719,0.0408924235806007,0.602697046055719,0.0408924235806007
Pagrus pagrus,1954,0.724609848520828,0.0476174042179478,0.724609848520828,0.0476174042179478
Pagrus pagrus,1955,0.752808584513526,0.0392860709695763,0.752808584513526,0.0392860709695763
Pagrus pagrus,1956,0.881834550380097,0.044717218915887,0.881834550380097,0.044717218915887
Pagrus pagrus,1957,1.06987262260198,0.0460722937991398,1.06987262260198,0.0460722937991398
Pagrus pagrus,1958,1.37393728697527,0.0574017300654997,1.37393728697527,0.0574017300654997
Pagrus pagrus,1959,1.41545819479645,0.0592002831037668,1.41545819479645,0.0592002831037668
Pagrus pagrus,1960,1.29946637033604,0.0568981471026001,1.29946637033604,0.0568981471026001
Pagrus pagrus,1961,1.19887594870531,0.0534491759587196,1.19887594870531,0.0534491759587196
Pagrus pagrus,1962,1.19887581479786,0.057560657461657,1.19887581479786,0.057560657461657
Pagrus pagrus,1963,1.34589868123211,0.0622599063525239,1.34589868123211,0.0622599063525239
Pagrus pagrus,1964,1.51824805178317,0.0714252645502955,1.51824805178317,0.0714252645502955
Pagrus pagrus,1965,1.55969085383103,0.0663670751916717,1.55969085383103,0.0663670751916717
Pagrus pagrus,1966,1.78039290391698,0.0858257779122592,1.78039290391698,0.0858257779122592
Pagrus pagrus,1967,1.67107652037777,0.0737421135344411,1.67107652037777,0.0737421135344411
Pagrus pagrus,1968,1.5945255048221,0.0834649626156461,1.5945255048221,0.0834649626156461
Pagrus pagrus,1969,1.422393482016,0.0623770254538584,1.422393482016,0.0623770254538584
Pagrus pagrus,1970,1.42015926760863,0.0728876841724015,1.42015926760863,0.0728876841724015
Pagrus pagrus,1971,1.359392964039,0.0688938559270377,1.359392964039,0.0688938559270377
Pagrus pagrus,1972,1.31502787203354,0.0599731602280958,1.31502787203354,0.0599731602280958
Pagrus pagrus,1973,1.70669864916034,0.103972279437574,1.70669864916034,0.103972279437574
Pagrus pagrus,1974,1.35946844056286,0.0580126576834884,1.35946844056286,0.0580126576834884
Pagrus pagrus,1975,1.53097635953647,0.0679015994574903,1.53097635953647,0.0679015994574903
Pagrus pagrus,1976,2.00845973936367,0.0737485108187594,2.00845973936367,0.0737485108187594
Pagrus pagrus,1977,3.09445493632881,0.132098964153162,3.09445493632881,0.132098964153162
Pagrus pagrus,1978,3.9569290107093,0.167110726567508,3.9569290107093,0.167110726567508
Pagrus pagrus,1979,3.63232863832221,0.139773229311957,3.63232863832221,0.139773229311957
Pagrus pagrus,1980,3.52913714859612,0.134013439064683,3.52913714859612,0.134013439064683
Pagrus pagrus,1981,4.06186259222592,0.196832827664861,4.06186259222592,0.196832827664861
Pagrus pagrus,1982,3.32546270834489,0.135580898094632,3.32546270834489,0.135580898094632
Pagrus pagrus,1983,2.86269728634738,0.129053004592641,2.86269728634738,0.129053004592641
Pagrus pagrus,1984,2.37637896318077,0.138641309389746,2.37637896318077,0.138641309389746
Pagrus pagrus,1985,2.06156330732018,0.152448635615728,2.06156330732018,0.152448635615728
Pagrus pagrus,1986,1.36513719942534,0.103628092688831,1.36513719942534,0.103628092688831
Pagrus pagrus,1987,1.22977358745179,0.164575693236725,1.22977358745179,0.164575693236725
Pagrus pagrus,1988,1.43318587120299,0.201542669774667,1.43318587120299,0.201542669774667
Pagrus pagrus,1989,1.24190209514718,0.230481661265306,1.24190209514718,0.230481661265306
Pagrus pagrus,1990,0.856603571802095,0.168485721005776,0.856603571802095,0.168485721005776
Pagrus pagrus,1991,0.737230241446842,0.208738071234905,0.737230241446842,0.208738071234905
Pagrus pagrus,1992,0.643717226462971,0.239750678843609,0.643717226462971,0.239750678843609
Pagrus pagrus,1993,0.480032218768389,0.173946192930453,0.480032218768389,0.173946192930453
Pagrus pagrus,1994,0.411991967305264,0.195375159451864,0.411991967305264,0.195375159451864
Pagrus pagrus,1995,0.369233136915975,0.173278999544383,0.369233136915975,0.173278999544383
Pagrus pagrus,1996,0.476833215809801,0.255847166893243,0.476833215809801,0.255847166893243
Pagrus pagrus,1997,0.522523598489219,0.258756821567163,0.522523598489219,0.258756821567163
Pagrus pagrus,1998,0.499085567719294,0.200095047186813,0.499085567719294,0.200095047186813
Pagrus pagrus,1999,0.586032998644257,0.315161770251069,0.586032998644257,0.315161770251069
Pagrus pagrus,2000,0.522756887603751,0.26637324285193,0.522756887603751,0.26637324285193
Pagrus pagrus,2001,0.478288205887305,0.245793628562892,0.478288205887305,0.245793628562892
Pagrus pagrus,2002,0.514018951574943,0.253832203078705,0.514018951574943,0.253832203078705
Pagrus pagrus,2003,0.638185722982876,0.285776523789046,0.638185722982876,0.285776523789046
Pagrus pagrus,2004,0.775589134468484,0.282305115138903,0.775589134468484,0.282305115138903
Pagrus pagrus,2005,0.938615251962292,0.277647401168423,0.938615251962292,0.277647401168423
Pagrus pagrus,2006,1.09077701447692,0.320889454025106,1.09077701447692,0.320889454025106
Pagrus pagrus,2007,1.11447042237536,0.290095500828122,1.11447042237536,0.290095500828122
Pagrus pagrus,2008,1.28801962928409,0.357281287435709,1.28801962928409,0.357281287435709
Pagrus pagrus,2009,1.25592391518457,0.391176752819672,1.25592391518457,0.391176752819672
Pagrus pagrus,2010,1.11153929730998,0.369795023036122,1.11153929730998,0.369795023036122
Pagrus pagrus,2011,0.929724796110865,0.321178721060611,0.929724796110865,0.321178721060611
Pagrus pagrus,2012,0.80173093770521,0.326527353195069,0.80173093770521,0.326527353195069
Pagrus pagrus,2013,0.760412557946957,0.413240442529004,0.760412557946957,0.413240442529004
Pagrus pagrus,2014,0.6859885704306,0.38938048393693,0.6859885704306,0.38938048393693
Pagrus pagrus,2015,0.661446270303511,0.416123983221707,0.661446270303511,0.416123983221707
Pagrus pagrus,2016,0.583219294057165,0.427060421810491,0.583219294057165,0.427060421810491
Pagrus pagrus,2017,0.603223520967354,0.47165013651866,0.603223520967354,0.47165013651866
Pagrus pagrus,2018,0.654628152485737,0.489580595380382,0.654628152485737,0.489580595380382
Pagrus pagrus,2019,0.692487049453893,0.525382325847796,0.692487049453893,0.525382325847796
Percophis brasiliensis,1950,1.44222314071243,0.0482343910588375,1.44222314071243,0.0482343910588375
Percophis brasiliensis,1951,1.32220622790425,0.052612635983035,1.32220622790425,0.052612635983035
Percophis brasiliensis,1952,1.19321277697735,0.0583003771879226,1.19321277697735,0.0583003771879226
Percophis brasiliensis,1953,0.978252077187522,0.0711112775382262,0.978252077187522,0.0711112775382262
Percophis brasiliensis,1954,0.556481281569569,0.0250016513644517,0.556481281569569,0.0250016513644517
Percophis brasiliensis,1955,0.799877332632858,0.0521815674417854,0.799877332632858,0.0521815674417854
Percophis brasiliensis,1956,1.2149619027436,0.0858851065282027,1.2149619027436,0.0858851065282027
Percophis brasiliensis,1957,1.11217948066693,0.0938222060905759,1.11217948066693,0.0938222060905759
Percophis brasiliensis,1958,0.580321638722678,0.0359618271944904,0.580321638722678,0.0359618271944904
Percophis brasiliensis,1959,0.599579012340705,0.0696135990734432,0.599579012340705,0.0696135990734432
Percophis brasiliensis,1960,0.599879301243088,0.0579822931205278,0.599879301243088,0.0579822931205278
Percophis brasiliensis,1961,0.768432625236502,0.0452640561310226,0.768432625236502,0.0452640561310226
Percophis brasiliensis,1962,1.7372246021411,0.120130848154276,1.7372246021411,0.120130848154276
Percophis brasiliensis,1963,2.38373257437867,0.116732482008995,2.38373257437867,0.116732482008995
Percophis brasiliensis,1964,1.86768225989174,0.0856671072223489,1.86768225989174,0.0856671072223489
Percophis brasiliensis,1965,1.74629155036781,0.0836549804023333,1.74629155036781,0.0836549804023333
Percophis brasiliensis,1966,1.9474716266532,0.0964454813257022,1.9474716266532,0.0964454813257022
Percophis brasiliensis,1967,2.24907488810219,0.114442429074087,2.24907488810219,0.114442429074087
Percophis brasiliensis,1968,2.21804720352035,0.11604333440489,2.21804720352035,0.11604333440489
Percophis brasiliensis,1969,1.95047837605334,0.0855971611690312,1.95047837605334,0.0855971611690312
Percophis brasiliensis,1970,1.98556361395409,0.0910916989177738,1.98556361395409,0.0910916989177738
Percophis brasiliensis,1971,2.06361552003422,0.097759387557822,2.06361552003422,0.097759387557822
Percophis brasiliensis,1972,2.17367425076863,0.102410568558566,2.17367425076863,0.102410568558566
Percophis brasiliensis,1973,2.40907330711685,0.115504588021827,2.40907330711685,0.115504588021827
Percophis brasiliensis,1974,2.26228989829369,0.119923863233097,2.26228989829369,0.119923863233097
Percophis brasiliensis,1975,1.61519918554551,0.0793328029068992,1.61519918554551,0.0793328029068992
Percophis brasiliensis,1976,1.85185847205583,0.100298105149269,1.85185847205583,0.100298105149269
Percophis brasiliensis,1977,2.24270922068911,0.146064602624315,2.24270922068911,0.146064602624315
Percophis brasiliensis,1978,2.17275041357325,0.130564959954836,2.17275041357325,0.130564959954836
Percophis brasiliensis,1979,1.78801700985465,0.112710949626176,1.78801700985465,0.112710949626176
Percophis brasiliensis,1980,1.63813623717788,0.114063120997269,1.63813623717788,0.114063120997269
Percophis brasiliensis,1981,1.58718929649154,0.11969671558681,1.58718929649154,0.11969671558681
Percophis brasiliensis,1982,1.64129064480565,0.148090318196081,1.64129064480565,0.148090318196081
Percophis brasiliensis,1983,1.1720146377862,0.123695510848913,1.1720146377862,0.123695510848913
Percophis brasiliensis,1984,0.96043999639449,0.153262069525195,0.96043999639449,0.153262069525195
Percophis brasiliensis,1985,0.864147359477358,0.132021693856351,0.864147359477358,0.132021693856351
Percophis brasiliensis,1986,0.917230110145321,0.176181444538466,0.917230110145321,0.176181444538466
Percophis brasiliensis,1987,0.809778343685745,0.193717853367238,0.809778343685745,0.193717853367238
Percophis brasiliensis,1988,1.03543711873491,0.218683755206653,1.03543711873491,0.218683755206653
Percophis brasiliensis,1989,1.14563942408834,0.257579901973816,1.14563942408834,0.257579901973816
Percophis brasiliensis,1990,1.13227185976814,0.235431216204277,1.13227185976814,0.235431216204277
Percophis brasiliensis,1991,1.189531821129,0.271116920355637,1.189531821129,0.271116920355637
Percophis brasiliensis,1992,1.21191040509081,0.220304676341865,1.21191040509081,0.220304676341865
Percophis brasiliensis,1993,1.47964637587356,0.268264430131717,1.47964637587356,0.268264430131717
Percophis brasiliensis,1994,1.67032058167542,0.25875620963313,1.67032058167542,0.25875620963313
Percophis brasiliensis,1995,1.9385807242083,0.334442361961514,1.9385807242083,0.334442361961514
Percophis brasiliensis,1996,2.08523509391977,0.307951969031203,2.08523509391977,0.307951969031203
Percophis brasiliensis,1997,2.30874202031633,0.358167450053425,2.30874202031633,0.358167450053425
Percophis brasiliensis,1998,2.03968409644564,0.347331954874805,2.03968409644564,0.347331954874805
Percophis brasiliensis,1999,1.78585828159816,0.335269518381207,1.78585828159816,0.335269518381207
Percophis brasiliensis,2000,1.61486469211388,0.3386773555653,1.61486469211388,0.3386773555653
Percophis brasiliensis,2001,1.56292768961273,0.39866944219283,1.56292768961273,0.39866944219283
Percophis brasiliensis,2002,1.32940280730699,0.32338594691524,1.32940280730699,0.32338594691524
Percophis brasiliensis,2003,1.34683735563542,0.360623439141329,1.34683735563542,0.360623439141329
Percophis brasiliensis,2004,1.39767949831811,0.338297614048172,1.39767949831811,0.338297614048172
Percophis brasiliensis,2005,1.59024789204878,0.370910447536137,1.59024789204878,0.370910447536137
Percophis brasiliensis,2006,1.61269103342682,0.394218286349636,1.61269103342682,0.394218286349636
Percophis brasiliensis,2007,1.49904334425018,0.398025117557928,1.49904334425018,0.398025117557928
Percophis brasiliensis,2008,1.49126818504813,0.411295869287916,1.49126818504813,0.411295869287916
Percophis brasiliensis,2009,1.41392738809101,0.437188230321949,1.41392738809101,0.437188230321949
Percophis brasiliensis,2010,1.36036325938932,0.437527284978698,1.36036325938932,0.437527284978698
Percophis brasiliensis,2011,1.39353508038642,0.433302384403112,1.39353508038642,0.433302384403112
Percophis brasiliensis,2012,1.30620881371986,0.47755546525431,1.30620881371986,0.47755546525431
Percophis brasiliensis,2013,1.12742603526136,0.42889253629601,1.12742603526136,0.42889253629601
Percophis brasiliensis,2014,1.19850521458243,0.504799367206747,1.19850521458243,0.504799367206747
Percophis brasiliensis,2015,1.18510106374966,0.564923298311654,1.18510106374966,0.564923298311654
Percophis brasiliensis,2016,0.984995822854805,0.559557249670593,0.984995822854805,0.559557249670593
Percophis brasiliensis,2017,0.909191387966414,0.556783454581195,0.909191387966414,0.556783454581195
Percophis brasiliensis,2018,0.938409654346406,0.616172521857823,0.938409654346406,0.616172521857823
Percophis brasiliensis,2019,0.929673077416206,0.649349710382794,0.929673077416206,0.649349710382794
Pogonias cromis,1950,1.38521024577797,0.208411889010707,1.38521024577797,0.208411889010707
Pogonias cromis,1951,1.36896362223762,0.175737737724841,1.36896362223762,0.175737737724841
Pogonias cromis,1952,1.97943894135287,0.170154275013558,1.97943894135287,0.170154275013558
Pogonias cromis,1953,2.10417509763332,0.251534605933945,2.10417509763332,0.251534605933945
Pogonias cromis,1954,2.10944106480884,0.11404849086004,2.10944106480884,0.11404849086004
Pogonias cromis,1955,2.31217988606466,0.166477407021552,2.31217988606466,0.166477407021552
Pogonias cromis,1956,1.59800782687794,0.240878489782786,1.59800782687794,0.240878489782786
Pogonias cromis,1957,1.23034629988231,0.312859649381845,1.23034629988231,0.312859649381845
Pogonias cromis,1958,1.43679021910901,0.267906690120798,1.43679021910901,0.267906690120798
Pogonias cromis,1959,1.43429215224558,0.335466619716192,1.43429215224558,0.335466619716192
Pogonias cromis,1960,1.31837769695391,0.364961528938932,1.31837769695391,0.364961528938932
Pogonias cromis,1961,2.43753403443249,0.335571576209491,2.43753403443249,0.335571576209491
Pogonias cromis,1962,2.08610594671639,0.484361782098824,2.08610594671639,0.484361782098824
Pogonias cromis,1963,1.48471218700147,0.486111528091213,1.48471218700147,0.486111528091213
Pogonias cromis,1964,1.48403291184101,0.518756301060618,1.48403291184101,0.518756301060618
Pogonias cromis,1965,1.53771599972494,0.31290377422447,1.53771599972494,0.31290377422447
Pogonias cromis,1966,1.13071650249493,0.255319775878895,1.13071650249493,0.255319775878895
Pogonias cromis,1967,1.24883872119177,0.423812014328104,1.24883872119177,0.423812014328104
Pogonias cromis,1968,1.4720364348588,0.359551463174202,1.4720364348588,0.359551463174202
Pogonias cromis,1969,2.02907814294145,0.379409450876468,2.02907814294145,0.379409450876468
Pogonias cromis,1970,1.531044507568,0.534254317203419,1.531044507568,0.534254317203419
Pogonias cromis,1971,1.26752344593978,0.645327027771326,1.26752344593978,0.645327027771326
Pogonias cromis,1972,1.34833470307451,0.463908761357829,1.34833470307451,0.463908761357829
Pogonias cromis,1973,2.53070041382096,0.247166467663654,2.53070041382096,0.247166467663654
Pogonias cromis,1974,2.37947776428103,0.687720413992617,2.37947776428103,0.687720413992617
Pogonias cromis,1975,2.82016545237531,0.901007724279463,2.82016545237531,0.901007724279463
Pogonias cromis,1976,1.68916394966036,0.657716994541437,1.68916394966036,0.657716994541437
Pogonias cromis,1977,2.28064673455003,0.684821569591242,2.28064673455003,0.684821569591242
Pogonias cromis,1978,1.65082046250393,0.760724841933046,1.65082046250393,0.760724841933046
Pogonias cromis,1979,1.39766870068092,0.421026228842675,1.39766870068092,0.421026228842675
Pogonias cromis,1980,0.92478140069877,0.471385311717953,0.92478140069877,0.471385311717953
Pogonias cromis,1981,0.982761953774321,0.445533117880446,0.982761953774321,0.445533117880446
Pogonias cromis,1982,0.928104508376289,0.537611820302638,0.928104508376289,0.537611820302638
Pogonias cromis,1983,0.968030694585177,0.464739319130907,0.968030694585177,0.464739319130907
Pogonias cromis,1984,0.628397834321248,0.652366798370953,0.628397834321248,0.652366798370953
Pogonias cromis,1985,0.579345435623268,0.584685069961902,0.579345435623268,0.584685069961902
Pogonias cromis,1986,0.721802371934892,1.03057147962101,0.721802371934892,1.03057147962101
Pogonias cromis,1987,0.55193748335556,1.03042057593465,0.55193748335556,1.03042057593465
Pogonias cromis,1988,0.620651046752767,0.724854857255308,0.620651046752767,0.724854857255308
Pogonias cromis,1989,0.420087404007837,1.2461667817811,0.420087404007837,1.2461667817811
Pogonias cromis,1990,0.432459543609229,0.908999209726375,0.432459543609229,0.908999209726375
Pogonias cromis,1991,0.390154262359247,1.25544692388433,0.390154262359247,1.25544692388433
Pogonias cromis,1992,0.360576218700228,1.4731905627998,0.360576218700228,1.4731905627998
Pogonias cromis,1993,0.302634003051255,1.81089361054505,0.302634003051255,1.81089361054505
Pogonias cromis,1994,0.317489837533997,1.5170195710208,0.317489837533997,1.5170195710208
Pogonias cromis,1995,0.222627079219709,1.40914778372461,0.222627079219709,1.40914778372461
Pogonias cromis,1996,0.149554546201981,1.06813316302683,0.149554546201981,1.06813316302683
Pogonias cromis,1997,0.162349523839839,0.483084963632262,0.162349523839839,0.483084963632262
Pogonias cromis,1998,0.251164063462209,1.81992310802099,0.251164063462209,1.81992310802099
Pogonias cromis,1999,0.0952377468189764,0.985172848305627,0.0952377468189764,0.985172848305627
Pogonias cromis,2000,0.127156027134543,1.35088444370784,0.127156027134543,1.35088444370784
Pogonias cromis,2001,0.135499777292076,1.37778064326488,0.135499777292076,1.37778064326488
Pogonias cromis,2002,0.226485388970746,1.14083025555786,0.226485388970746,1.14083025555786
Pogonias cromis,2003,0.302720374906718,1.35579589099631,0.302720374906718,1.35579589099631
Pogonias cromis,2004,0.335941836930075,0.908054886962602,0.335941836930075,0.908054886962602
Pogonias cromis,2005,0.239296403927822,1.41353344165391,0.239296403927822,1.41353344165391
Pogonias cromis,2006,0.158880211656997,1.69894760791448,0.158880211656997,1.69894760791448
Pogonias cromis,2007,0.156896054057353,2.15284134651359,0.156896054057353,2.15284134651359
Pogonias cromis,2008,0.129838929014259,1.86772334307386,0.129838929014259,1.86772334307386
Pogonias cromis,2009,0.164726208816166,0.987281346960736,0.164726208816166,0.987281346960736
Pogonias cromis,2010,0.223839272644646,1.60572530160991,0.223839272644646,1.60572530160991
Pogonias cromis,2011,0.20025750555339,1.45122606893797,0.20025750555339,1.45122606893797
Pogonias cromis,2012,0.33841388304269,1.50853068127481,0.33841388304269,1.50853068127481
Pogonias cromis,2013,0.36509748196806,1.12942895896352,0.36509748196806,1.12942895896352
Pogonias cromis,2014,0.290604641291527,1.80306867478273,0.290604641291527,1.80306867478273
Pogonias cromis,2015,0.216317963267059,2.07082800972152,0.216317963267059,2.07082800972152
Pogonias cromis,2016,0.144035305921332,1.83062139544884,0.144035305921332,1.83062139544884
Pogonias cromis,2017,0.158912339281434,2.05891409489648,0.158912339281434,2.05891409489648
Pogonias cromis,2018,0.190012885024639,1.20281128024568,0.190012885024639,1.20281128024568
Pogonias cromis,2019,0.296685104991086,1.45311237465836,0.296685104991086,1.45311237465836
Rajiformes,1950,1.17996854541383,0.00660152708103236,1.17996854541383,0.00660152708103236
Rajiformes,1951,0.493391271832904,0.0131565533482486,0.493391271832904,0.0131565533482486
Rajiformes,1952,0.361266320910692,0.0179682638920403,0.361266320910692,0.0179682638920403
Rajiformes,1953,0.327790991264711,0.0198032550082735,0.327790991264711,0.0198032550082735
Rajiformes,1954,0.327822843302535,0.0198013308774801,0.327822843302535,0.0198013308774801
Rajiformes,1955,0.361635732644221,0.0179499092691043,0.361635732644221,0.0179499092691043
Rajiformes,1956,0.500144475910046,0.0285535951801937,0.500144475910046,0.0285535951801937
Rajiformes,1957,0.556912043014752,0.0256430491598604,0.556912043014752,0.0256430491598604
Rajiformes,1958,0.604348965914215,0.0257784649156543,0.604348965914215,0.0257784649156543
Rajiformes,1959,0.620713304598224,0.0271904181970805,0.620713304598224,0.0271904181970805
Rajiformes,1960,0.645393484204847,0.0261506425856023,0.645393484204847,0.0261506425856023
Rajiformes,1961,0.76218047609489,0.0272537176399534,0.76218047609489,0.0272537176399534
Rajiformes,1962,0.98857341986677,0.0302052542697349,0.98857341986677,0.0302052542697349
Rajiformes,1963,1.32767417409716,0.0381361360982889,1.32767417409716,0.0381361360982889
Rajiformes,1964,1.46991094360382,0.0397452359675842,1.46991094360382,0.0397452359675842
Rajiformes,1965,1.30053822361661,0.0319440845474126,1.30053822361661,0.0319440845474126
Rajiformes,1966,1.38563198123383,0.0346670921372696,1.38563198123383,0.0346670921372696
Rajiformes,1967,1.62391373884743,0.0407728255684182,1.62391373884743,0.0407728255684182
Rajiformes,1968,1.7603541289811,0.044987657589602,1.7603541289811,0.044987657589602
Rajiformes,1969,1.61782710971558,0.0320989977257633,1.61782710971558,0.0320989977257633
Rajiformes,1970,1.69531262933468,0.033695078181185,1.69531262933468,0.033695078181185
Rajiformes,1971,1.95402482183428,0.0385355450944071,1.95402482183428,0.0385355450944071
Rajiformes,1972,2.16020396606041,0.0336555627819734,2.16020396606041,0.0336555627819734
Rajiformes,1973,3.33447888479312,0.0646314211650618,3.33447888479312,0.0646314211650618
Rajiformes,1974,2.90328500321205,0.0487461429898111,2.90328500321205,0.0487461429898111
Rajiformes,1975,2.64941410004498,0.0503495480417795,2.64941410004498,0.0503495480417795
Rajiformes,1976,1.98072348787609,0.0378522523041867,1.98072348787609,0.0378522523041867
Rajiformes,1977,1.85452035457327,0.0427313397905488,1.85452035457327,0.0427313397905488
Rajiformes,1978,2.10855471574861,0.0493001842706379,2.10855471574861,0.0493001842706379
Rajiformes,1979,2.09815886016892,0.0480532325578564,2.09815886016892,0.0480532325578564
Rajiformes,1980,2.03682825105374,0.0561545676158906,2.03682825105374,0.0561545676158906
Rajiformes,1981,1.5011790942034,0.0421086051943797,1.5011790942034,0.0421086051943797
Rajiformes,1982,1.40170818291971,0.0470974005566485,1.40170818291971,0.0470974005566485
Rajiformes,1983,1.34805851169224,0.0533248165238075,1.34805851169224,0.0533248165238075
Rajiformes,1984,1.28282197456737,0.060479443632099,1.28282197456737,0.060479443632099
Rajiformes,1985,1.41389444626601,0.0646334838667299,1.41389444626601,0.0646334838667299
Rajiformes,1986,1.43626138919682,0.0725486372475677,1.43626138919682,0.0725486372475677
Rajiformes,1987,1.19535669111569,0.0874411577095384,1.19535669111569,0.0874411577095384
Rajiformes,1988,1.29814469784182,0.0870581152700931,1.29814469784182,0.0870581152700931
Rajiformes,1989,1.24991836168056,0.106869827509122,1.24991836168056,0.106869827509122
Rajiformes,1990,1.06954392404218,0.0780019905270031,1.06954392404218,0.0780019905270031
Rajiformes,1991,1.28900970712835,0.13096370831279,1.28900970712835,0.13096370831279
Rajiformes,1992,1.22703615332686,0.0927592517779249,1.22703615332686,0.0927592517779249
Rajiformes,1993,1.31221909757338,0.0902698065581924,1.31221909757338,0.0902698065581924
Rajiformes,1994,1.66416356818533,0.110614785504396,1.66416356818533,0.110614785504396
Rajiformes,1995,1.95291248677569,0.126508467628061,1.95291248677569,0.126508467628061
Rajiformes,1996,2.34679336099153,0.135016033526435,2.34679336099153,0.135016033526435
Rajiformes,1997,2.34499203297375,0.128370957245631,2.34499203297375,0.128370957245631
Rajiformes,1998,2.20993704390237,0.130746719219873,2.20993704390237,0.130746719219873
Rajiformes,1999,2.32660813931086,0.14244825626721,2.32660813931086,0.14244825626721
Rajiformes,2000,2.35444717556483,0.150810635093832,2.35444717556483,0.150810635093832
Rajiformes,2001,2.40459804160573,0.16689687497413,2.40459804160573,0.16689687497413
Rajiformes,2002,2.4266964961025,0.160562108973136,2.4266964961025,0.160562108973136
Rajiformes,2003,2.59738269833812,0.173038270087235,2.59738269833812,0.173038270087235
Rajiformes,2004,2.72131107203512,0.177042019509801,2.72131107203512,0.177042019509801
Rajiformes,2005,2.85326046688464,0.17785936207168,2.85326046688464,0.17785936207168
Rajiformes,2006,2.7502102993699,0.18199821482322,2.7502102993699,0.18199821482322
Rajiformes,2007,2.70027457894747,0.202153072875687,2.70027457894747,0.202153072875687
Rajiformes,2008,2.63903594855294,0.194884789054327,2.63903594855294,0.194884789054327
Rajiformes,2009,2.40068525102088,0.200719483591464,2.40068525102088,0.200719483591464
Rajiformes,2010,2.28942157385221,0.196167042766446,2.28942157385221,0.196167042766446
Rajiformes,2011,2.33690117496484,0.199309159470886,2.33690117496484,0.199309159470886
Rajiformes,2012,2.0436097142288,0.192413804796231,2.0436097142288,0.192413804796231
Rajiformes,2013,1.85582039728002,0.198380348669806,1.85582039728002,0.198380348669806
Rajiformes,2014,1.90329142914167,0.214942284909702,1.90329142914167,0.214942284909702
Rajiformes,2015,1.88546477063182,0.239611791960765,1.88546477063182,0.239611791960765
Rajiformes,2016,1.56912126492239,0.250500413234813,1.56912126492239,0.250500413234813
Rajiformes,2017,1.38520887518513,0.259264402051744,1.38520887518513,0.259264402051744
Rajiformes,2018,1.22353331291326,0.270667503437118,1.22353331291326,0.270667503437118
Rajiformes,2019,1.02834511073568,0.257597544758604,1.02834511073568,0.257597544758604
Scomber colias,1950,1.50987379158235,0.178208736888448,1.50987379158235,0.178208736888448
Scomber colias,1951,2.35156795357785,0.238380577847958,2.35156795357785,0.238380577847958
Scomber colias,1952,2.37773230995224,0.242493386419937,2.37773230995224,0.242493386419937
Scomber colias,1953,2.30551361621201,0.190345769238378,2.30551361621201,0.190345769238378
Scomber colias,1954,2.29345792072572,0.201123152818246,2.29345792072572,0.201123152818246
Scomber colias,1955,2.21735890547816,0.206581009640385,2.21735890547816,0.206581009640385
Scomber colias,1956,1.87494846498939,0.177678286283941,1.87494846498939,0.177678286283941
Scomber colias,1957,2.36697719254845,0.261188221649507,2.36697719254845,0.261188221649507
Scomber colias,1958,1.95767177705216,0.220894163643445,1.95767177705216,0.220894163643445
Scomber colias,1959,1.52798108733998,0.207542750718399,1.52798108733998,0.207542750718399
Scomber colias,1960,1.6578097407147,0.291764610315726,1.6578097407147,0.291764610315726
Scomber colias,1961,1.33032063554643,0.238379672868844,1.33032063554643,0.238379672868844
Scomber colias,1962,1.18744984057233,0.231992278522856,1.18744984057233,0.231992278522856
Scomber colias,1963,1.35923968881705,0.308720593989779,1.35923968881705,0.308720593989779
Scomber colias,1964,1.3082979809836,0.288912071893328,1.3082979809836,0.288912071893328
Scomber colias,1965,1.33353879174081,0.273835374589218,1.33353879174081,0.273835374589218
Scomber colias,1966,1.64281587758527,0.33927410173216,1.64281587758527,0.33927410173216
Scomber colias,1967,1.64238909631068,0.314007611577119,1.64238909631068,0.314007611577119
Scomber colias,1968,1.64563745023738,0.39514112172669,1.64563745023738,0.39514112172669
Scomber colias,1969,1.46655643456486,0.318892590654525,1.46655643456486,0.318892590654525
Scomber colias,1970,1.41414162616951,0.276348605317992,1.41414162616951,0.276348605317992
Scomber colias,1971,1.42185718809874,0.364963463419465,1.42185718809874,0.364963463419465
Scomber colias,1972,1.20559890683733,0.23647079626551,1.20559890683733,0.23647079626551
Scomber colias,1973,1.25449996866523,0.441739058252137,1.25449996866523,0.441739058252137
Scomber colias,1974,0.925714429970743,0.317170781302172,0.925714429970743,0.317170781302172
Scomber colias,1975,0.848678717169064,0.360152516447994,0.848678717169064,0.360152516447994
Scomber colias,1976,0.60461200403702,0.250278461200398,0.60461200403702,0.250278461200398
Scomber colias,1977,0.622515723921527,0.380726454371014,0.622515723921527,0.380726454371014
Scomber colias,1978,0.699698539904165,0.322980574782908,0.699698539904165,0.322980574782908
Scomber colias,1979,0.84837891297178,0.386294542013574,0.84837891297178,0.386294542013574
Scomber colias,1980,1.07370759828719,0.339624657324155,1.07370759828719,0.339624657324155
Scomber colias,1981,1.50258239321606,0.411549295879397,1.50258239321606,0.411549295879397
Scomber colias,1982,2.06939748996788,0.530299376711591,2.06939748996788,0.530299376711591
Scomber colias,1983,2.06697613545125,0.418689445326904,2.06697613545125,0.418689445326904
Scomber colias,1984,2.65202232187343,0.869265835919219,2.65202232187343,0.869265835919219
Scomber colias,1985,2.22054763209276,0.705449225971693,2.22054763209276,0.705449225971693
Scomber colias,1986,1.45937176377528,0.89376124146608,1.45937176377528,0.89376124146608
Scomber colias,1987,0.60913395937037,0.523134445721134,0.60913395937037,0.523134445721134
Scomber colias,1988,0.528776802028577,0.58367309922216,0.528776802028577,0.58367309922216
Scomber colias,1989,0.498864055811764,0.844372133892131,0.498864055811764,0.844372133892131
Scomber colias,1990,0.406022988090451,0.707356688053877,0.406022988090451,0.707356688053877
Scomber colias,1991,0.428810856563275,0.856443345901434,0.428810856563275,0.856443345901434
Scomber colias,1992,0.452500645726561,0.718375657940355,0.452500645726561,0.718375657940355
Scomber colias,1993,0.492933933222426,0.783373455843342,0.492933933222426,0.783373455843342
Scomber colias,1994,0.595681392454651,0.84146325508413,0.595681392454651,0.84146325508413
Scomber colias,1995,0.640076659283432,1.07576154437198,0.640076659283432,1.07576154437198
Scomber colias,1996,0.552915368065981,0.97728454257632,0.552915368065981,0.97728454257632
Scomber colias,1997,0.553063549927519,1.08764652762701,0.553063549927519,1.08764652762701
Scomber colias,1998,0.425083110449942,0.953024403364227,0.425083110449942,0.953024403364227
Scomber colias,1999,0.388531690114649,0.970541608135909,0.388531690114649,0.970541608135909
Scomber colias,2000,0.373727310021918,1.41414238818036,0.373727310021918,1.41414238818036
Scomber colias,2001,0.256666176262997,0.771526260389834,0.256666176262997,0.771526260389834
Scomber colias,2002,0.340503980220567,1.56425724683095,0.340503980220567,1.56425724683095
Scomber colias,2003,0.248662937387137,0.928397185414887,0.248662937387137,0.928397185414887
Scomber colias,2004,0.275073193717614,0.984008368181858,0.275073193717614,0.984008368181858
Scomber colias,2005,0.342908197391197,1.16403323795838,0.342908197391197,1.16403323795838
Scomber colias,2006,0.375383192976246,1.10318125044391,0.375383192976246,1.10318125044391
Scomber colias,2007,0.468604573522327,1.29297514158834,0.468604573522327,1.29297514158834
Scomber colias,2008,0.505991579542053,1.15318791013598,0.505991579542053,1.15318791013598
Scomber colias,2009,0.549703142176295,1.06014788849358,0.549703142176295,1.06014788849358
Scomber colias,2010,0.69687111979455,1.49536995208737,0.69687111979455,1.49536995208737
Scomber colias,2011,0.665121172101589,1.58741309786459,0.665121172101589,1.58741309786459
Scomber colias,2012,0.532514975806375,1.55898973455116,0.532514975806375,1.55898973455116
Scomber colias,2013,0.45894624695929,1.57612599880004,0.45894624695929,1.57612599880004
Scomber colias,2014,0.356403471000647,1.16174972744174,0.356403471000647,1.16174972744174
Scomber colias,2015,0.408186194610356,1.81285396394328,0.408186194610356,1.81285396394328
Scomber colias,2016,0.314198201679914,1.71306359181316,0.314198201679914,1.71306359181316
Scomber colias,2017,0.260089169698548,1.68703948091003,0.260089169698548,1.68703948091003
Scomber colias,2018,0.252213209648561,1.30434647024156,0.252213209648561,1.30434647024156
Scomber colias,2019,0.360920310973017,1.14845321029156,0.360920310973017,1.14845321029156
