variable,year,mean,sd,lower,upper
b_t,1950,477253.936787938,7100.41356925606,469028.610565234,491262.225062865
b_t,1951,270589.172033668,1868.44017935243,267165.503287385,273157.021429914
b_t,1952,212660.85929999,2850.58758359208,207022.866721033,217226.146051238
b_t,1953,173260.033153653,1906.43521587158,169408.253498733,176271.348020572
b_t,1954,150716.915286398,1280.30734406578,148349.665706604,152663.541649695
b_t,1955,134744.669326386,1404.46458678126,131932.05645331,136705.948720275
b_t,1956,128091.800499187,1222.58341713037,125490.184546972,129734.630431188
b_t,1957,116631.675633406,911.463600020064,115127.190854154,117992.385700885
b_t,1958,110764.295958224,770.212608497523,109450.303312177,112002.653038527
b_t,1959,112527.613486793,727.996938997149,111123.735535619,113556.285866339
b_t,1960,123110.916551388,925.946575365196,121487.336639496,124556.231265753
b_t,1961,119240.913519201,1063.53735771694,117532.353088632,120858.788527513
b_t,1962,122895.449916102,1073.75976412785,121311.804438994,124626.241149392
b_t,1963,115755.90352204,1068.64813686799,114038.872614846,117412.529876795
b_t,1964,115857.007461774,1143.67274264488,113973.750747928,117471.481545358
b_t,1965,123054.177548775,1278.26032590134,120919.378587011,124837.462582038
b_t,1966,122122.746969562,1544.2080829441,119808.304336681,124350.080291652
b_t,1967,111639.423348566,1329.79494254075,109547.797504913,113522.757223831
b_t,1968,97108.6774017641,1375.84385738984,95029.688224877,99034.3260699055
b_t,1969,88019.6294482533,1243.9023746948,86185.852301368,89826.370820275
b_t,1970,79831.9421198484,947.206561051106,78342.2021010028,81269.411337244
b_t,1971,76882.6020652739,746.699407040536,75563.5258657506,77936.2148688773
b_t,1972,71478.5480184653,815.848168280602,70093.1981235663,72567.3244835136
b_t,1973,63596.3145191639,745.325126534127,62333.5644035819,64607.2792816657
b_t,1974,66417.1222056655,902.762370386499,64990.2281149924,67602.3821662532
b_t,1975,72022.5613739909,858.752309067945,70679.210050102,73315.0329392677
b_t,1976,68968.9836365657,859.54725234854,67640.7608476543,70281.5810740573
b_t,1977,68815.9926650106,601.538640992824,67906.8780403406,69657.4444474379
b_t,1978,61260.7320290587,513.372134970016,60496.0766366055,62040.3407446234
b_t,1979,48118.7985531946,411.696950772314,47438.9843486174,48701.7449806594
b_t,1980,47818.6264042999,345.983465002392,47255.7450642247,48332.9462595675
b_t,1981,42445.7760018503,319.303394682072,41922.0567910623,42915.8115540712
b_t,1982,35241.9520777928,262.495160545272,34803.3026294469,35604.3080649177
b_t,1983,31818.5344665793,273.3405747488,31444.0244629072,32319.4028357338
b_t,1984,29203.6597429053,302.817648284152,28762.8145613434,29804.9500501734
b_t,1985,27936.5431036751,407.538669592051,27462.3904152075,28772.9303564809
b_t,1986,21854.784805355,420.439898886843,21389.0432011436,22689.2103353827
b_t,1987,22980.5385603324,497.173041376896,22339.7744773265,23879.8018225393
b_t,1988,21196.2403497816,447.285108559993,20685.612274432,22013.5427958745
b_t,1989,22075.6335539946,431.995269597786,21566.8456705255,22833.8989702171
b_t,1990,22431.6067299666,488.978379657954,21855.7979040041,23262.2033741857
b_t,1991,21924.774032749,579.245016641539,21257.290537653,22887.6552072936
b_t,1992,21560.1034166623,785.559252101729,20651.9352355042,22895.4013281755
b_t,1993,21473.2347191756,1119.61031016543,20229.0325897094,23442.5823758404
b_t,1994,21283.7826794875,1556.37354730871,19559.0854727762,24329.4147363257
b_t,1995,22389.2578570063,2296.99845424305,19849.5779773413,27251.8398455765
b_t,1996,25781.8935793159,3422.69605670501,21756.8606152271,32623.4643558273
b_t,1997,26967.945058319,3793.46845818006,21903.5692834346,34269.9520912011
b_t,1998,29632.2360608877,4312.81951393847,23247.6764722682,37587.3475082579
b_t,1999,32725.4536584546,4736.39655473503,25540.5026192576,41178.9729011986
bmsy,1950,240453.639290979,3465.85651316446,236486.202582553,247313.006340784
ck,1950,0.00207982945914308,2.96092132859466e-05,0.00202172949736106,0.00211428825618847
ck,1951,0.00207982945914308,2.96092132859466e-05,0.00202172949736106,0.00211428825618847
ck,1952,0.00207982945914308,2.96092132859466e-05,0.00202172949736106,0.00211428825618847
ck,1953,0.00207982945914308,2.96092132859466e-05,0.00202172949736106,0.00211428825618847
ck,1954,0.00207982945914308,2.96092132859466e-05,0.00202172949736106,0.00211428825618847
ck,1955,0.00207982945914308,2.96092132859466e-05,0.00202172949736106,0.00211428825618847
ck,1956,0.00415965891828616,5.92184265718932e-05,0.00404345899472212,0.00422857651237694
ck,1957,0.00415965891828616,5.92184265718932e-05,0.00404345899472212,0.00422857651237694
ck,1958,0.00415965891828616,5.92184265718932e-05,0.00404345899472212,0.00422857651237694
ck,1959,0.00623948837742924,8.88276398578398e-05,0.00606518849208318,0.00634286476856541
ck,1960,0.00831931783657231,0.000118436853143786,0.00808691798944425,0.00845715302475388
ck,1961,0.0168466186190589,0.000239834627616168,0.0163760089286246,0.0171257348751266
ck,1962,0.0149747721058302,0.000213186335658816,0.0145564523809996,0.015222875444557
ck,1963,0.0137268744303443,0.000195420807687248,0.013343414682583,0.0139543024908439
ck,1964,0.0178865333486305,0.000254639234259141,0.0173868736773051,0.0181828790032208
ck,1965,0.0307814759953176,0.00043821635663201,0.0299215965609437,0.0312914661915894
ck,1966,0.0580272419100919,0.00082609705067791,0.0564062529763736,0.0589886423476583
ck,1967,0.0615629519906351,0.00087643271326402,0.0598431931218874,0.0625829323831787
ck,1968,0.0474201116684622,0.000675090062919583,0.0460954325398322,0.0482057722410971
ck,1969,0.0401407085614614,0.000571457816418769,0.0390193792990685,0.0408057633444375
ck,1970,0.0424285209665188,0.000604027951033311,0.0412432817461657,0.0431314804262448
ck,1971,0.0436764186420046,0.000621793479004879,0.0424563194445823,0.0444000533799579
ck,1972,0.0399327256155471,0.000568496895090175,0.0388172063493324,0.0405943345188186
ck,1973,0.0445083504256619,0.000633637164319257,0.0432650112435267,0.0452457686824333
ck,1974,0.0363970155350039,0.000518161232504066,0.0353802662038186,0.0370000444832982
ck,1975,0.0349681726965726,0.00049781970297662,0.0339913380391315,0.0355475284512968
ck,1976,0.0315010969881811,0.000448461144428947,0.0306211149670306,0.0320230099282306
ck,1977,0.0433498854169192,0.000617144832518985,0.0421389079134966,0.0440681101237363
ck,1978,0.0449367952942454,0.000639736662256162,0.0436814875199831,0.0456813120632081
ck,1979,0.0312161603522785,0.000444404682208773,0.0303441380258922,0.0317333524371328
ck,1980,0.0297082839943997,0.000422938002576461,0.0288783841403054,0.0302004934513961
ck,1981,0.0268110815578134,0.000381692368469138,0.0260621149504814,0.0272552899105256
ck,1982,0.0255319864404404,0.000363482702298281,0.0248187513096044,0.0259550026329697
ck,1983,0.0223373683911967,0.000318002950691067,0.0217133748016578,0.0227074558714642
ck,1984,0.0145608860434607,0.000207294102214912,0.0141541282110248,0.0148021320815755
ck,1985,0.0261725739138565,0.000372602339990352,0.0254414439947916,0.0266062034158757
ck,1986,1.03991472957154e-05,1.48046066429733e-07,1.01086474868053e-05,1.05714412809424e-05
ck,1987,2.07982945914308e-06,2.96092132859466e-08,2.02172949736106e-06,2.11428825618847e-06
ck,1988,1.03991472957154e-05,1.48046066429733e-07,1.01086474868053e-05,1.05714412809424e-05
ck,1989,8.31931783657231e-06,1.18436853143786e-07,8.08691798944425e-06,8.45715302475388e-06
ck,1990,2.07982945914308e-06,2.96092132859466e-08,2.02172949736106e-06,2.11428825618847e-06
ck,1991,6.23948837742923e-06,8.88276398578398e-08,6.06518849208319e-06,6.34286476856541e-06
ck,1992,8.31931783657231e-06,1.18436853143786e-07,8.08691798944425e-06,8.45715302475388e-06
ck,1993,6.23948837742923e-06,8.88276398578398e-08,6.06518849208319e-06,6.34286476856541e-06
ck,1994,6.23948837742923e-06,8.88276398578398e-08,6.06518849208319e-06,6.34286476856541e-06
ck,1995,6.23948837742923e-06,8.88276398578398e-08,6.06518849208319e-06,6.34286476856541e-06
ck,1996,1.03991472957154e-05,1.48046066429733e-07,1.01086474868053e-05,1.05714412809424e-05
ck,1997,4.15965891828616e-06,5.92184265718932e-08,4.04345899472212e-06,4.22857651237694e-06
ck,1998,4.15965891828616e-06,5.92184265718932e-08,4.04345899472212e-06,4.22857651237694e-06
ck,1999,4.15965891828616e-06,5.92184265718932e-08,4.04345899472212e-06,4.22857651237694e-06
crashed,1950,0,0,0,0
delta,1950,100,0,100,100
dep_t,1950,0.992396725907747,0.00056020442203413,0.991522375646158,0.99321883585372
dep_t,1951,0.562775750063313,0.00868582012547169,0.547974096672367,0.574164174866576
dep_t,1952,0.442245645484504,0.00534242491384423,0.432983215509276,0.450662221507878
dep_t,1953,0.36031315338684,0.00383980362899551,0.354112427965926,0.365842558475373
dep_t,1954,0.313465069631909,0.00517818842838776,0.304934299927399,0.320747945645396
dep_t,1955,0.280233706834592,0.00420773032043205,0.273526446852651,0.286008453885913
dep_t,1956,0.266394976633377,0.00366265721271525,0.260300861708367,0.271139760913686
dep_t,1957,0.24256183667371,0.00311439414585144,0.237399492303889,0.247138134355542
dep_t,1958,0.230367718760334,0.00345478934835133,0.224690785612811,0.235563614993745
dep_t,1959,0.234037104060916,0.0035924273341993,0.227929719716237,0.239210426478796
dep_t,1960,0.256055536388094,0.00447510665552421,0.248830281070168,0.262723803152007
dep_t,1961,0.247994065612207,0.00376088761123843,0.242069404983494,0.25435471783606
dep_t,1962,0.255589030128458,0.00345569530887288,0.250495274021316,0.261685823520241
dep_t,1963,0.240746045908209,0.00370002900788257,0.235463443206885,0.247147457325393
dep_t,1964,0.240964808979826,0.00430514172088932,0.234792567516403,0.24826922304658
dep_t,1965,0.255932082968977,0.00455328865323187,0.249688664770164,0.263669296503027
dep_t,1966,0.254012578451098,0.00571268195404481,0.245699329062291,0.26198543537966
dep_t,1967,0.232199283060552,0.00474839536603348,0.225495992623588,0.239201469369316
dep_t,1968,0.201980903391723,0.00460060706949739,0.195650210981462,0.208718167612085
dep_t,1969,0.183076014161443,0.00416041119695262,0.177495383558631,0.189151046965759
dep_t,1970,0.166044176853968,0.00345706459536355,0.161134318184824,0.171040393905966
dep_t,1971,0.159905750603984,0.00293110337868788,0.155369726675723,0.163878790005715
dep_t,1972,0.148667158870452,0.00292422615571296,0.144280221036241,0.152407550778074
dep_t,1973,0.132275599635236,0.00274958023322494,0.128161036677766,0.135645239051231
dep_t,1974,0.138138774976424,0.00284818450095736,0.13371904757915,0.141998418615352
dep_t,1975,0.149796040541521,0.00286232058171849,0.145582655651165,0.153922235400106
dep_t,1976,0.143448584103382,0.00296400618240536,0.13911663063581,0.147617650475656
dep_t,1977,0.143123846887836,0.00229252114153865,0.139663951961027,0.146346259745125
dep_t,1978,0.127404923373411,0.00163713339084509,0.124907582091098,0.129830514591267
dep_t,1979,0.10007732233837,0.0015681868687489,0.0977231501638041,0.102287676479541
dep_t,1980,0.0994512438914996,0.00136633668169312,0.0972700547389278,0.101300484289628
dep_t,1981,0.0882779743200207,0.00129408896150939,0.0862532461948389,0.0899912434947185
dep_t,1982,0.0732955110561327,0.00106664460249294,0.0716870485845385,0.0746532090507993
dep_t,1983,0.066171603726242,0.000696493848075434,0.0651098027106486,0.0670712152034753
dep_t,1984,0.060731278605036,0.000504874042687347,0.0599946581856418,0.0614116476723422
dep_t,1985,0.0580918552726232,0.000278085094668182,0.0577066489175184,0.0585514863414827
dep_t,1986,0.0454420234490655,0.00026168028127813,0.0450645229197325,0.0458905393811553
dep_t,1987,0.0477813616494897,0.000405620436577604,0.0471761305893465,0.0483886470415304
dep_t,1988,0.0440720397988408,0.000385572427707448,0.0435827888437423,0.044700938825528
dep_t,1989,0.0459025191182601,0.000467026709556417,0.045398563454859,0.0466594370163892
dep_t,1990,0.0466434451998119,0.000703960200952333,0.0458924992781155,0.0477863345725011
dep_t,1991,0.045590750644646,0.00102376500079636,0.0445143796074735,0.0473088850613709
dep_t,1992,0.0448327465791758,0.00151969019755667,0.0431959590381204,0.0474418563414064
dep_t,1993,0.0446491926848621,0.00219237482580919,0.042404677163786,0.0485497564800216
dep_t,1994,0.0442556620545278,0.00314909387130602,0.0409436641403685,0.05025533293683
dep_t,1995,0.0465543416011006,0.00471335848300939,0.0414833508182708,0.0563915436039416
dep_t,1996,0.0536084465423962,0.00706023802786208,0.0454311763665406,0.0675893432473918
dep_t,1997,0.056073889955335,0.00782756468688331,0.0457257325770498,0.0709317615476523
dep_t,1998,0.0616161265650584,0.00892268030795605,0.0485351499198189,0.077767028023142
dep_t,1999,0.0680492529939891,0.0098079929241136,0.0532842115284419,0.0853257086852859
growth_t,1950,0.0103249593853551,0.000553656903911516,0.00946574156649567,0.0112648903589237
growth_t,1951,0.337164803955341,0.00974127411469459,0.323392318396596,0.353028342507312
growth_t,1952,0.338015374196079,0.00803576205394744,0.326388367287832,0.350177301529493
growth_t,1953,0.315851353252907,0.00707066664652852,0.305627096017268,0.326208472535121
growth_t,1954,0.294852302911987,0.00513069021569395,0.287075526680385,0.302200618763276
growth_t,1955,0.276372418541609,0.0053167106376683,0.268191015354244,0.28332836496014
growth_t,1956,0.267783316799513,0.00523068108081376,0.26002015240016,0.274842220922416
growth_t,1957,0.251743433675886,0.0044976084152598,0.245272801510432,0.258325299829684
growth_t,1958,0.242919801262637,0.00378339601393699,0.237313585887599,0.248443780245559
growth_t,1959,0.245614084428791,0.00402467473284821,0.23988506387139,0.251747030315626
growth_t,1960,0.260979428082936,0.00385207420231593,0.255218539905326,0.266763429959818
growth_t,1961,0.255517152452996,0.00403726931124755,0.249815812702401,0.261746901277548
growth_t,1962,0.260692820961704,0.00432557376819588,0.254591057558945,0.267514999164659
growth_t,1963,0.250435426693634,0.00369503041085888,0.245184505563735,0.256396969557416
growth_t,1964,0.250574851816903,0.00337817859230025,0.245498246085201,0.256103598252813
growth_t,1965,0.260892244234732,0.0036234509108405,0.255517060922682,0.267161213264038
growth_t,1966,0.259566976245351,0.00288368945663118,0.25494746251606,0.264350409415645
growth_t,1967,0.244229056273892,0.00279227487497775,0.239823973342985,0.248982047159216
growth_t,1968,0.220790974253977,0.0020561848181968,0.217561618972587,0.224327797973591
growth_t,1969,0.204866755237488,0.00183001938560773,0.202136254702584,0.208112037325603
growth_t,1970,0.189691205953287,0.00181008213869448,0.18688810377859,0.192734198182552
growth_t,1971,0.184036071218026,0.00208914439757523,0.180659655122305,0.187373707433205
growth_t,1972,0.173385543735759,0.00191742717537536,0.169895799353355,0.176238917597967
growth_t,1973,0.15723530820397,0.0017275820669967,0.154089739409817,0.159717177238507
growth_t,1974,0.163093119857052,0.00151811551863922,0.160711898292448,0.165413618485955
growth_t,1975,0.174470830148805,0.00177488683671139,0.171647750799674,0.177271829271535
growth_t,1976,0.168318143513482,0.00153173258291355,0.165886179180269,0.170772542011402
growth_t,1977,0.16802274211542,0.00218412641731245,0.164521258917662,0.171320842831142
growth_t,1978,0.152325697935376,0.00235952169564204,0.148628268152205,0.155848958886127
growth_t,1979,0.123389544612669,0.00151786245912317,0.120931944834968,0.125765888941073
growth_t,1980,0.122709421325191,0.00173298255855469,0.119888573805558,0.12533152445995
growth_t,1981,0.110271592013338,0.00144607347036491,0.107991950128122,0.112458873336054
growth_t,1982,0.0930610089528578,0.00121132060548912,0.0911213613691277,0.0949302051754856
growth_t,1983,0.0846701146886905,0.00137010723432235,0.0825486653040248,0.0867825558336908
growth_t,1984,0.0781657533288709,0.00140978724598024,0.076048799797815,0.0804515196191319
growth_t,1985,0.0749877942051816,0.00171334256224354,0.0725072889634372,0.077773959196989
growth_t,1986,0.0540420153755968,0.00179767678040064,0.0513886037876798,0.0568907573652271
growth_t,1987,0.059613810990425,0.00236021776004561,0.0562399388864338,0.0632281394666108
growth_t,1988,0.0509115610042653,0.00192766442256934,0.0482218988712529,0.0539948890271159
growth_t,1989,0.0551143265738152,0.0019261154475596,0.0524288789735056,0.0582050616251126
growth_t,1990,0.0568568065046235,0.00219774549971103,0.0539607687596853,0.0604978172255739
growth_t,1991,0.0543800936119835,0.00260802478866081,0.0511745381519481,0.058814801750402
growth_t,1992,0.0526281406048461,0.00348067495836695,0.0486452347409754,0.0590078675810147
growth_t,1993,0.0522077558451244,0.00498018539377343,0.046371109130778,0.0618895393667574
growth_t,1994,0.051263582843088,0.00671687756923817,0.0435276130829319,0.065560535776729
growth_t,1995,0.0559173340247325,0.0089755876436162,0.0447273285447013,0.0733291896977967
growth_t,1996,0.0682446517217512,0.0101558869084711,0.0536675633405313,0.0869042223498152
growth_t,1997,0.0716320815179449,0.0108936885749989,0.0544550749189059,0.0907602522548731
growth_t,1998,0.0788258496455653,0.0115010745524044,0.0612324570146189,0.0987191852052173
growth_t,1999,0.0867840846278729,0.0117509754724124,0.0689395679187721,0.107344567205607
index_hat_t,1950,477253.936787938,7100.41356925606,469028.610565234,491262.225062865
index_hat_t,1951,270589.172033668,1868.44017935243,267165.503287385,273157.021429914
index_hat_t,1952,212660.85929999,2850.58758359208,207022.866721033,217226.146051238
index_hat_t,1953,173260.033153653,1906.43521587158,169408.253498733,176271.348020572
index_hat_t,1954,150716.915286398,1280.30734406578,148349.665706604,152663.541649695
index_hat_t,1955,134744.669326386,1404.46458678126,131932.05645331,136705.948720275
index_hat_t,1956,128091.800499187,1222.58341713037,125490.184546972,129734.630431188
index_hat_t,1957,116631.675633406,911.463600020064,115127.190854154,117992.385700885
index_hat_t,1958,110764.295958224,770.212608497523,109450.303312177,112002.653038527
index_hat_t,1959,112527.613486793,727.996938997149,111123.735535619,113556.285866339
index_hat_t,1960,123110.916551388,925.946575365196,121487.336639496,124556.231265753
index_hat_t,1961,119240.913519201,1063.53735771694,117532.353088632,120858.788527513
index_hat_t,1962,122895.449916102,1073.75976412785,121311.804438994,124626.241149392
index_hat_t,1963,115755.90352204,1068.64813686799,114038.872614846,117412.529876795
index_hat_t,1964,115857.007461774,1143.67274264488,113973.750747928,117471.481545358
index_hat_t,1965,123054.177548775,1278.26032590134,120919.378587011,124837.462582038
index_hat_t,1966,122122.746969562,1544.2080829441,119808.304336681,124350.080291652
index_hat_t,1967,111639.423348566,1329.79494254075,109547.797504913,113522.757223831
index_hat_t,1968,97108.6774017641,1375.84385738984,95029.688224877,99034.3260699055
index_hat_t,1969,88019.6294482533,1243.9023746948,86185.852301368,89826.370820275
index_hat_t,1970,79831.9421198484,947.206561051106,78342.2021010028,81269.411337244
index_hat_t,1971,76882.6020652739,746.699407040536,75563.5258657506,77936.2148688773
index_hat_t,1972,71478.5480184653,815.848168280602,70093.1981235663,72567.3244835136
index_hat_t,1973,63596.3145191639,745.325126534127,62333.5644035819,64607.2792816657
index_hat_t,1974,66417.1222056655,902.762370386499,64990.2281149924,67602.3821662532
index_hat_t,1975,72022.5613739909,858.752309067945,70679.210050102,73315.0329392677
index_hat_t,1976,68968.9836365657,859.54725234854,67640.7608476543,70281.5810740573
index_hat_t,1977,68815.9926650106,601.538640992824,67906.8780403406,69657.4444474379
index_hat_t,1978,61260.7320290587,513.372134970016,60496.0766366055,62040.3407446234
index_hat_t,1979,48118.7985531946,411.696950772314,47438.9843486174,48701.7449806594
index_hat_t,1980,47818.6264042999,345.983465002392,47255.7450642247,48332.9462595675
index_hat_t,1981,42445.7760018503,319.303394682072,41922.0567910623,42915.8115540712
index_hat_t,1982,35241.9520777928,262.495160545272,34803.3026294469,35604.3080649177
index_hat_t,1983,31818.5344665793,273.3405747488,31444.0244629072,32319.4028357338
index_hat_t,1984,29203.6597429053,302.817648284152,28762.8145613434,29804.9500501734
index_hat_t,1985,27936.5431036751,407.538669592051,27462.3904152075,28772.9303564809
index_hat_t,1986,21854.784805355,420.439898886843,21389.0432011436,22689.2103353827
index_hat_t,1987,22980.5385603324,497.173041376896,22339.7744773265,23879.8018225393
index_hat_t,1988,21196.2403497816,447.285108559993,20685.612274432,22013.5427958745
index_hat_t,1989,22075.6335539946,431.995269597786,21566.8456705255,22833.8989702171
index_hat_t,1990,22431.6067299666,488.978379657954,21855.7979040041,23262.2033741857
index_hat_t,1991,21924.774032749,579.245016641539,21257.290537653,22887.6552072936
index_hat_t,1992,21560.1034166623,785.559252101729,20651.9352355042,22895.4013281755
index_hat_t,1993,21473.2347191756,1119.61031016543,20229.0325897094,23442.5823758404
index_hat_t,1994,21283.7826794875,1556.37354730871,19559.0854727762,24329.4147363257
index_hat_t,1995,22389.2578570063,2296.99845424305,19849.5779773413,27251.8398455765
index_hat_t,1996,25781.8935793159,3422.69605670501,21756.8606152271,32623.4643558273
index_hat_t,1997,26967.945058319,3793.46845818006,21903.5692834346,34269.9520912011
index_hat_t,1998,29632.2360608877,4312.81951393847,23247.6764722682,37587.3475082579
index_hat_t,1999,32725.4536584546,4736.39655473503,25540.5026192576,41178.9729011986
k,1950,480907.278581959,6931.71302632891,472972.405165106,494626.012681569
log_b,1950,13.0756943013731,0.0147840157956901,13.0584190487775,13.1047333274601
log_b,1951,12.5083330838886,0.00691971375860246,12.4956236077957,12.5178020788926
log_b,1952,12.2673639456113,0.0134300161714226,12.2405845321016,12.2886942375472
log_b,1953,12.0624881687826,0.0110241656001757,12.0400667819479,12.0797798368562
log_b,1954,11.9231224986086,0.00850574722734817,11.9073273720129,11.9359917046731
log_b,1955,11.8110823712024,0.0104611458478092,11.7900423450954,11.825587538366
log_b,1956,11.7604567604578,0.00957452583237482,11.7399828237137,11.7732463387444
log_b,1957,11.6667456171717,0.00782232309892773,11.6537928035944,11.678375373396
log_b,1958,11.6151355776365,0.00695812754026423,11.603225874186,11.6262778378335
log_b,1959,11.630932964329,0.00647942240135175,11.6183995939407,11.640053903534
log_b,1960,11.7208126972462,0.00752546875256086,11.7075653111323,11.7325125496737
log_b,1961,11.6888614414459,0.00892113591288771,11.6744689201009,11.7023781057951
log_b,1962,11.719051154108,0.00873172888682944,11.7061194062637,11.7330744662393
log_b,1963,11.659196370434,0.00923354961097311,11.6442946570992,11.6734489087602
log_b,1964,11.6600633098773,0.00987265458642354,11.6437234442476,11.6739508728474
log_b,1965,11.7203260207334,0.0103963297903882,11.7028793098372,11.7347678708128
log_b,1966,11.7127019871358,0.0126505934213355,11.6936482805972,11.730856094921
log_b,1967,11.6229584884134,0.0119276050419569,11.6041162397811,11.6397585999782
log_b,1968,11.4834855477265,0.0141841462363695,11.4619446293913,11.5032217969559
log_b,1969,11.3852152268677,0.0141423111084636,11.3642613164325,11.4056338728743
log_b,1970,11.2876085140805,0.0118792953252739,11.2688417162505,11.3055249804148
log_b,1971,11.2499875983367,0.00973551573057206,11.2327289836521,11.2636460130302
log_b,1972,11.1770873724236,0.0114372828410229,11.1575810372669,11.1922700234995
log_b,1973,11.0602420334453,0.0117358031483124,11.0402553141704,11.0760823657998
log_b,1974,11.1036175056014,0.013628973050157,11.0819922008581,11.1213985001996
log_b,1975,11.1846635458107,0.011936968400392,11.1659067499411,11.2025209545582
log_b,1976,11.1413344596386,0.0124735175136372,11.1219660514361,11.1602650388331
log_b,1977,11.1391532558271,0.00874245890348578,11.125892605034,11.1513448571168
log_b,1978,11.0228592388716,0.00837930201197761,11.0103337926666,11.0355401095918
log_b,1979,10.7813915927783,0.00856050161462709,10.7671996242571,10.7934701396387
log_b,1980,10.7751443421691,0.00723789096570857,10.7633295141816,10.7858687242576
log_b,1981,10.6559543852317,0.00752574601681506,10.6435673824565,10.6669956046516
log_b,1982,10.4699647092231,0.00745602137195904,10.4574675644045,10.4802219225061
log_b,1983,10.3677674502355,0.00857541480880102,10.3559642427761,10.3834230358466
log_b,1984,10.2819958263091,0.0103337738127026,10.2668386706836,10.3024297676763
log_b,1985,10.2375855463066,0.0144852851698939,10.2205727263311,10.2671903056618
log_b,1986,9.99199228287317,0.019075751148066,9.97063406991864,10.0296447748414
log_b,1987,10.0421712193506,0.0214861689080494,10.0141239774855,10.0807882685832
log_b,1988,9.9613591290657,0.0209199641927942,9.93719367837555,9.99941312457271
log_b,1989,10.002040724382,0.0193879215680077,9.97891249135459,10.0360015076646
log_b,1990,10.0179932562234,0.0214939917047553,9.9922215153871,10.0545851489343
log_b,1991,9.99503325171266,0.0258816781688696,9.96445519963706,10.0383529701888
log_b,1992,9.97796214429472,0.035384998110345,9.9355643099927,10.0386913488811
log_b,1993,9.97327479310015,0.0501211637012008,9.9148741084266,10.0623093998177
log_b,1994,9.96320343660599,0.0695676318451171,9.88119518736144,10.0994413790558
log_b,1995,10.011472578605,0.0968651975623513,9.8959380251744,10.2128762737052
log_b,1996,10.1491786372601,0.126578646778122,9.98768441555601,10.3927869694117
log_b,1997,10.1928899893412,0.136927123855395,9.99440488104041,10.4420241766858
log_b,1998,10.2861090730203,0.145156021566994,10.0539604661005,10.5344227438983
log_b,1999,10.3852345392386,0.147449126852467,10.1480208049667,10.6256829941003
log_b_div_bmsy,1950,0.685514694970551,0.000564509990652838,0.684633416752666,0.686342919846448
log_b_div_bmsy,1951,0.118153477486081,0.0154940223074381,0.0916199185619632,0.138307275927676
log_b_div_bmsy,1952,-0.122815660791238,0.012095195588052,-0.143909134434466,-0.103889994054059
log_b_div_bmsy,1953,-0.327691437619963,0.0106719830540871,-0.344993642602522,-0.312405025686628
log_b_div_bmsy,1954,-0.467057107793918,0.0165710029966278,-0.494511755095447,-0.443952499822789
log_b_div_bmsy,1955,-0.579097235200101,0.0150540132578584,-0.603209783514178,-0.558586728998931
log_b_div_bmsy,1956,-0.629722845944726,0.0137882714737993,-0.652769975984275,-0.611973687661232
log_b_div_bmsy,1957,-0.72343398923084,0.0128606323861662,-0.744863754819549,-0.704660669715475
log_b_div_bmsy,1958,-0.775044028766051,0.0150313722542488,-0.799882927580654,-0.752627094112225
log_b_div_bmsy,1959,-0.759246642073541,0.0153950611394334,-0.78557076386673,-0.737264488343084
log_b_div_bmsy,1960,-0.669366909156358,0.0175221805188034,-0.697837036487118,-0.64350479621204
log_b_div_bmsy,1961,-0.701318164956581,0.0151604493340573,-0.725383615932581,-0.67587827879444
log_b_div_bmsy,1962,-0.671128452294578,0.0134986197503423,-0.691168044258466,-0.647463461243436
log_b_div_bmsy,1963,-0.730983235968495,0.0153418608716753,-0.753052427833227,-0.704622946765832
log_b_div_bmsy,1964,-0.730116296525189,0.0178311378343465,-0.755905665533232,-0.700094364639822
log_b_div_bmsy,1965,-0.669853585669136,0.0177418720245327,-0.694393297577841,-0.639912445277508
log_b_div_bmsy,1966,-0.677477619266699,0.0225259462332594,-0.710499549621886,-0.646319186360267
log_b_div_bmsy,1967,-0.767221117989079,0.020450677840523,-0.796305710708783,-0.737301933843379
log_b_div_bmsy,1968,-0.906694058676045,0.0227670110854865,-0.938279671555345,-0.873623236947179
log_b_div_bmsy,1969,-1.00496437953488,0.022701476756942,-1.03566349796568,-0.972062213161905
log_b_div_bmsy,1970,-1.10257109232205,0.0208377066761795,-1.13236980822134,-1.07270834814447
log_b_div_bmsy,1971,-1.14019200806579,0.0183776310123183,-1.16880048850538,-1.11548102918844
log_b_div_bmsy,1972,-1.21309223397897,0.0197275435600558,-1.24285071049257,-1.18804991062556
log_b_div_bmsy,1973,-1.32993757295718,0.0208704237586002,-1.36132052620112,-1.30456515723958
log_b_div_bmsy,1974,-1.28656210080116,0.0206436716339129,-1.31886715940663,-1.25879217747791
log_b_div_bmsy,1975,-1.20551606059178,0.0191186841724453,-1.23386409324919,-1.17816058993219
log_b_div_bmsy,1976,-1.24884514676388,0.0206886133070444,-1.27929544809373,-1.21998261176059
log_b_div_bmsy,1977,-1.25102635057542,0.016050579334333,-1.27536890441786,-1.2286326425284
log_b_div_bmsy,1978,-1.36732036753093,0.0128660705433813,-1.38703397793173,-1.34837823248962
log_b_div_bmsy,1979,-1.60878801362427,0.0157001098267506,-1.63246961594225,-1.58681889724592
log_b_div_bmsy,1980,-1.61503526423338,0.0137769131799037,-1.63711691878937,-1.5965169064563
log_b_div_bmsy,1981,-1.73422522117082,0.0146965995074142,-1.75732040618248,-1.71489572732866
log_b_div_bmsy,1982,-1.92021489717939,0.0145864895393489,-1.94229800054237,-1.90175458740681
log_b_div_bmsy,1983,-2.02241215616704,0.010542089109271,-2.03853298129292,-2.00885313004081
log_b_div_bmsy,1984,-2.10818378009339,0.0083146175566468,-2.1203525704083,-2.09700857975657
log_b_div_bmsy,1985,-2.15259406009593,0.00478047497042437,-2.1592356990095,-2.14470162285163
log_b_div_bmsy,1986,-2.39818732352936,0.00574724780271403,-2.40651279297396,-2.38834911655021
log_b_div_bmsy,1987,-2.34800838705195,0.00847404002782533,-2.36072004165713,-2.3353428776348
log_b_div_bmsy,1988,-2.42882047733683,0.00869605912349136,-2.43994577729362,-2.41461359552413
log_b_div_bmsy,1989,-2.38813888202057,0.0100348479060283,-2.39912763584737,-2.37173289757752
log_b_div_bmsy,1990,-2.37218635017914,0.0147785648278281,-2.38830640918591,-2.34786838858078
log_b_div_bmsy,1991,-2.39514635468986,0.0218650114564214,-2.41879582420942,-2.35790997572051
log_b_div_bmsy,1992,-2.41221746210781,0.0327522331889989,-2.44886114893702,-2.35510321581947
log_b_div_bmsy,1993,-2.41690481330238,0.0469162538847902,-2.46734943189622,-2.33201892132514
log_b_div_bmsy,1994,-2.42697616979654,0.0674086196098688,-2.5024110219952,-2.29749146009965
log_b_div_bmsy,1995,-2.37870702779758,0.0953210962351238,-2.48931593679757,-2.18228890835255
log_b_div_bmsy,1996,-2.24100096914242,0.125350867595003,-2.39840952497713,-2.00115779144235
log_b_div_bmsy,1997,-2.19728961706137,0.13568665434617,-2.39194688300916,-1.95288978850162
log_b_div_bmsy,1998,-2.10407053338221,0.144243875791631,-2.33231982604539,-1.86089056275492
log_b_div_bmsy,1999,-2.0049450671639,0.146660799312918,-2.23896803850487,-1.76813229824111
log_c_div_msy,1950,-5.10417558100619,0.0368605053877528,-5.16174412246681,-5.05313413810391
log_c_div_msy,1951,-5.10417558100619,0.0368605053877528,-5.16174412246681,-5.05313413810391
log_c_div_msy,1952,-5.10417558100619,0.0368605053877528,-5.16174412246681,-5.05313413810391
log_c_div_msy,1953,-5.10417558100619,0.0368605053877528,-5.16174412246681,-5.05313413810391
log_c_div_msy,1954,-5.10417558100619,0.0368605053877528,-5.16174412246681,-5.05313413810391
log_c_div_msy,1955,-5.10417558100619,0.0368605053877528,-5.16174412246681,-5.05313413810391
log_c_div_msy,1956,-4.41102840044624,0.0368605053877528,-4.46859694190686,-4.35998695754396
log_c_div_msy,1957,-4.41102840044624,0.0368605053877528,-4.46859694190686,-4.35998695754396
log_c_div_msy,1958,-4.41102840044624,0.0368605053877528,-4.46859694190686,-4.35998695754396
log_c_div_msy,1959,-4.00556329233808,0.0368605053877528,-4.0631318337987,-3.9545218494358
log_c_div_msy,1960,-3.71788121988629,0.0368605053877528,-3.77544976134692,-3.66683977698402
log_c_div_msy,1961,-3.01231151932779,0.0368605053877528,-3.06988006078842,-2.96127007642551
log_c_div_msy,1962,-3.13009455498418,0.0368605053877528,-3.1876630964448,-3.0790531120819
log_c_div_msy,1963,-3.21710593197381,0.0368605053877528,-3.27467447343443,-3.16606448907153
log_c_div_msy,1964,-2.95241337774672,0.0368605053877528,-3.00998191920735,-2.90137193484444
log_c_div_msy,1965,-2.40954840023612,0.0368605053877528,-2.46711694169674,-2.35850695733384
log_c_div_msy,1966,-1.77554889217887,0.0368605053877528,-1.83311743363949,-1.72450744927659
log_c_div_msy,1967,-1.71640121967617,0.0368605053877528,-1.77396976113679,-1.66535977677389
log_c_div_msy,1968,-1.97741504504579,0.0368605053877528,-2.03498358650641,-1.92637360214351
log_c_div_msy,1969,-2.14407048509535,0.0368605053877528,-2.20163902655597,-2.09302904219307
log_c_div_msy,1970,-2.08864068015601,0.0368605053877528,-2.14620922161664,-2.03759923725374
log_c_div_msy,1971,-2.05965314328276,0.0368605053877528,-2.11722168474339,-2.00861170038048
log_c_div_msy,1972,-2.14926530197245,0.0368605053877528,-2.20683384343307,-2.09822385907017
log_c_div_msy,1973,-2.04078465897838,0.0368605053877528,-2.098353200439,-1.9897432160761
log_c_div_msy,1974,-2.24197470007672,0.0368605053877528,-2.29954324153734,-2.19093325717444
log_c_div_msy,1975,-2.28202318430939,0.0368605053877528,-2.33959172577002,-2.23098174140712
log_c_div_msy,1976,-2.38643911031455,0.0368605053877528,-2.44400765177518,-2.33539766741228
log_c_div_msy,1977,-2.06715742054665,0.0368605053877528,-2.12472596200727,-2.01611597764437
log_c_div_msy,1978,-2.03120452711139,0.0368605053877528,-2.08877306857202,-1.98016308420911
log_c_div_msy,1979,-2.39552555983201,0.0368605053877528,-2.45309410129263,-2.34448411692973
log_c_div_msy,1980,-2.44503555127398,0.0368605053877528,-2.50260409273461,-2.3939941083717
log_c_div_msy,1981,-2.54764618754522,0.0368605053877528,-2.60521472900584,-2.49660474464294
log_c_div_msy,1982,-2.5965294442487,0.0368605053877528,-2.65409798570932,-2.54548800134642
log_c_div_msy,1983,-2.73020049192547,0.0368605053877528,-2.78776903338609,-2.67915904902319
log_c_div_msy,1984,-3.15812258501112,0.0368605053877528,-3.21569112647175,-3.10708114210885
log_c_div_msy,1985,-2.57174941525021,0.0368605053877528,-2.62931795671083,-2.52070797234793
log_c_div_msy,1986,-10.4024929475542,0.0368605053877528,-10.4600614890148,-10.3514515046519
log_c_div_msy,1987,-12.0119308599883,0.0368605053877528,-12.0694994014489,-11.960889417086
log_c_div_msy,1988,-10.4024929475542,0.0368605053877528,-10.4600614890148,-10.3514515046519
log_c_div_msy,1989,-10.6256364988684,0.0368605053877528,-10.6832050403291,-10.5745950559662
log_c_div_msy,1990,-12.0119308599883,0.0368605053877528,-12.0694994014489,-11.960889417086
log_c_div_msy,1991,-10.9133185713202,0.0368605053877528,-10.9708871127808,-10.8622771284179
log_c_div_msy,1992,-10.6256364988684,0.0368605053877528,-10.6832050403291,-10.5745950559662
log_c_div_msy,1993,-10.9133185713202,0.0368605053877528,-10.9708871127808,-10.8622771284179
log_c_div_msy,1994,-10.9133185713202,0.0368605053877528,-10.9708871127808,-10.8622771284179
log_c_div_msy,1995,-10.9133185713202,0.0368605053877528,-10.9708871127808,-10.8622771284179
log_c_div_msy,1996,-10.4024929475542,0.0368605053877528,-10.4600614890148,-10.3514515046519
log_c_div_msy,1997,-11.3187836794284,0.0368605053877528,-11.376352220889,-11.2677422365261
log_c_div_msy,1998,-11.3187836794284,0.0368605053877528,-11.376352220889,-11.2677422365261
log_c_div_msy,1999,-11.3187836794284,0.0368605053877528,-11.376352220889,-11.2677422365261
log_depletion,1950,-0.00763248558939485,0.000564509990652839,-0.0085137638072791,-0.00680426071349734
log_depletion,1951,-0.574993703073864,0.0154940223074381,-0.601527261997982,-0.554839904632269
log_depletion,1952,-0.815962841351184,0.012095195588052,-0.837056314994411,-0.797037174614004
log_depletion,1953,-1.02083861817991,0.0106719830540871,-1.03814082316247,-1.00555220624657
log_depletion,1954,-1.16020428835386,0.0165710029966278,-1.18765893565539,-1.13709968038273
log_depletion,1955,-1.27224441576005,0.0150540132578584,-1.29635696407412,-1.25173390955888
log_depletion,1956,-1.32287002650467,0.0137882714737992,-1.34591715654422,-1.30512086822118
log_depletion,1957,-1.41658116979078,0.0128606323861662,-1.43801093537949,-1.39780785027542
log_depletion,1958,-1.468191209326,0.0150313722542488,-1.4930301081406,-1.44577427467217
log_depletion,1959,-1.45239382263349,0.0153950611394334,-1.47871794442668,-1.43041166890303
log_depletion,1960,-1.3625140897163,0.0175221805188034,-1.39098421704706,-1.33665197677199
log_depletion,1961,-1.39446534551653,0.0151604493340573,-1.41853079649253,-1.36902545935439
log_depletion,1962,-1.36427563285452,0.0134986197503423,-1.38431522481841,-1.34061064180338
log_depletion,1963,-1.42413041652844,0.0153418608716753,-1.44619960839317,-1.39777012732578
log_depletion,1964,-1.42326347708513,0.0178311378343465,-1.44905284609318,-1.39324154519977
log_depletion,1965,-1.36300076622908,0.0177418720245327,-1.38754047813779,-1.33305962583745
log_depletion,1966,-1.37062479982664,0.0225259462332594,-1.40364673018183,-1.33946636692021
log_depletion,1967,-1.46036829854902,0.020450677840523,-1.48945289126873,-1.43044911440332
log_depletion,1968,-1.59984123923599,0.0227670110854865,-1.63142685211529,-1.56677041750712
log_depletion,1969,-1.69811156009482,0.022701476756942,-1.72881067852563,-1.66520939372185
log_depletion,1970,-1.795718272882,0.0208377066761795,-1.82551698878128,-1.76585552870442
log_depletion,1971,-1.83333918862574,0.0183776310123183,-1.86194766906532,-1.80862820974838
log_depletion,1972,-1.90623941453892,0.0197275435600558,-1.93599789105252,-1.88119709118551
log_depletion,1973,-2.02308475351713,0.0208704237586002,-2.05446770676106,-1.99771233779953
log_depletion,1974,-1.97970928136111,0.0206436716339129,-2.01201433996658,-1.95193935803786
log_depletion,1975,-1.89866324115173,0.0191186841724453,-1.92701127380914,-1.87130777049214
log_depletion,1976,-1.94199232732382,0.0206886133070444,-1.97244262865368,-1.91312979232054
log_depletion,1977,-1.94417353113537,0.016050579334333,-1.96851608497781,-1.92177982308835
log_depletion,1978,-2.06046754809088,0.0128660705433813,-2.08018115849168,-2.04152541304956
log_depletion,1979,-2.30193519418422,0.0157001098267506,-2.32561679650219,-2.27996607780587
log_depletion,1980,-2.30818244479333,0.0137769131799037,-2.33026409934931,-2.28966408701625
log_depletion,1981,-2.42737240173077,0.0146965995074142,-2.45046758674243,-2.40804290788861
log_depletion,1982,-2.61336207773933,0.0145864895393489,-2.63544518110232,-2.59490176796676
log_depletion,1983,-2.71555933672699,0.010542089109271,-2.73168016185287,-2.70200031060076
log_depletion,1984,-2.80133096065333,0.0083146175566468,-2.81349975096825,-2.79015576031652
log_depletion,1985,-2.84574124065588,0.00478047497042437,-2.85238287956945,-2.83784880341158
log_depletion,1986,-3.0913345040893,0.00574724780271403,-3.0996599735339,-3.08149629711016
log_depletion,1987,-3.0411555676119,0.00847404002782533,-3.05386722221708,-3.02849005819475
log_depletion,1988,-3.12196765789677,0.00869605912349135,-3.13309295785356,-3.10776077608408
log_depletion,1989,-3.08128606258052,0.0100348479060283,-3.09227481640732,-3.06488007813747
log_depletion,1990,-3.06533353073908,0.0147785648278281,-3.08145358974586,-3.04101556914073
log_depletion,1991,-3.08829353524981,0.0218650114564214,-3.11194300476937,-3.05105715628046
log_depletion,1992,-3.10536464266776,0.0327522331889989,-3.14200832949697,-3.04825039637942
log_depletion,1993,-3.11005199386232,0.0469162538847902,-3.16049661245617,-3.02516610188509
log_depletion,1994,-3.12012335035648,0.0674086196098688,-3.19555820255515,-2.9906386406596
log_depletion,1995,-3.07185420835752,0.0953210962351238,-3.18246311735752,-2.87543608891249
log_depletion,1996,-2.93414814970237,0.125350867595003,-3.09155670553708,-2.6943049720023
log_depletion,1997,-2.89043679762131,0.13568665434617,-3.0850940635691,-2.64603696906156
log_depletion,1998,-2.79721771394216,0.144243875791631,-3.02546700660534,-2.55403774331487
log_depletion,1999,-2.69809224772385,0.146660799312918,-2.93211521906481,-2.46127947880105
log_ihat,1950,13.0756943013731,0.0147840157956901,13.0584190487775,13.1047333274601
log_ihat,1951,12.5083330838886,0.00691971375860246,12.4956236077957,12.5178020788926
log_ihat,1952,12.2673639456113,0.0134300161714226,12.2405845321016,12.2886942375472
log_ihat,1953,12.0624881687826,0.0110241656001757,12.0400667819479,12.0797798368562
log_ihat,1954,11.9231224986086,0.00850574722734817,11.9073273720129,11.9359917046731
log_ihat,1955,11.8110823712024,0.0104611458478092,11.7900423450954,11.825587538366
log_ihat,1956,11.7604567604578,0.00957452583237482,11.7399828237137,11.7732463387444
log_ihat,1957,11.6667456171717,0.00782232309892773,11.6537928035944,11.678375373396
log_ihat,1958,11.6151355776365,0.00695812754026423,11.603225874186,11.6262778378335
log_ihat,1959,11.630932964329,0.00647942240135175,11.6183995939407,11.640053903534
log_ihat,1960,11.7208126972462,0.00752546875256086,11.7075653111323,11.7325125496737
log_ihat,1961,11.6888614414459,0.00892113591288771,11.6744689201009,11.7023781057951
log_ihat,1962,11.719051154108,0.00873172888682944,11.7061194062637,11.7330744662393
log_ihat,1963,11.659196370434,0.00923354961097311,11.6442946570992,11.6734489087602
log_ihat,1964,11.6600633098773,0.00987265458642354,11.6437234442476,11.6739508728474
log_ihat,1965,11.7203260207334,0.0103963297903882,11.7028793098372,11.7347678708128
log_ihat,1966,11.7127019871358,0.0126505934213355,11.6936482805972,11.730856094921
log_ihat,1967,11.6229584884134,0.0119276050419569,11.6041162397811,11.6397585999782
log_ihat,1968,11.4834855477265,0.0141841462363695,11.4619446293913,11.5032217969559
log_ihat,1969,11.3852152268677,0.0141423111084636,11.3642613164325,11.4056338728743
log_ihat,1970,11.2876085140805,0.0118792953252739,11.2688417162505,11.3055249804148
log_ihat,1971,11.2499875983367,0.00973551573057206,11.2327289836521,11.2636460130302
log_ihat,1972,11.1770873724236,0.0114372828410229,11.1575810372669,11.1922700234995
log_ihat,1973,11.0602420334453,0.0117358031483124,11.0402553141704,11.0760823657998
log_ihat,1974,11.1036175056014,0.013628973050157,11.0819922008581,11.1213985001996
log_ihat,1975,11.1846635458107,0.011936968400392,11.1659067499411,11.2025209545582
log_ihat,1976,11.1413344596386,0.0124735175136372,11.1219660514361,11.1602650388331
log_ihat,1977,11.1391532558271,0.00874245890348578,11.125892605034,11.1513448571168
log_ihat,1978,11.0228592388716,0.00837930201197761,11.0103337926666,11.0355401095918
log_ihat,1979,10.7813915927783,0.00856050161462709,10.7671996242571,10.7934701396387
log_ihat,1980,10.7751443421691,0.00723789096570857,10.7633295141816,10.7858687242576
log_ihat,1981,10.6559543852317,0.00752574601681506,10.6435673824565,10.6669956046516
log_ihat,1982,10.4699647092231,0.00745602137195904,10.4574675644045,10.4802219225061
log_ihat,1983,10.3677674502355,0.00857541480880102,10.3559642427761,10.3834230358466
log_ihat,1984,10.2819958263091,0.0103337738127026,10.2668386706836,10.3024297676763
log_ihat,1985,10.2375855463066,0.0144852851698939,10.2205727263311,10.2671903056618
log_ihat,1986,9.99199228287317,0.019075751148066,9.97063406991864,10.0296447748414
log_ihat,1987,10.0421712193506,0.0214861689080494,10.0141239774855,10.0807882685832
log_ihat,1988,9.9613591290657,0.0209199641927942,9.93719367837555,9.99941312457271
log_ihat,1989,10.002040724382,0.0193879215680077,9.97891249135459,10.0360015076646
log_ihat,1990,10.0179932562234,0.0214939917047553,9.9922215153871,10.0545851489343
log_ihat,1991,9.99503325171266,0.0258816781688696,9.96445519963706,10.0383529701888
log_ihat,1992,9.97796214429472,0.035384998110345,9.9355643099927,10.0386913488811
log_ihat,1993,9.97327479310015,0.0501211637012008,9.9148741084266,10.0623093998177
log_ihat,1994,9.96320343660599,0.0695676318451171,9.88119518736144,10.0994413790558
log_ihat,1995,10.011472578605,0.0968651975623513,9.8959380251744,10.2128762737052
log_ihat,1996,10.1491786372601,0.126578646778122,9.98768441555601,10.3927869694117
log_ihat,1997,10.1928899893412,0.136927123855395,9.99440488104041,10.4420241766858
log_ihat,1998,10.2861090730203,0.145156021566994,10.0539604661005,10.5344227438983
log_ihat,1999,10.3852345392386,0.147449126852467,10.1480208049667,10.6256829941003
log_sigma_ratio,1950,-0.0171091362419275,0.00309371130931232,-0.0239137158383786,-0.0136042826248069
log_u_div_umsy,1950,-5.78969027597674,0.0373624129796973,-5.84809700203642,-5.73805438374667
log_u_div_umsy,1951,-5.22232905849227,0.022031819239021,-5.25344820353631,-5.19091148161899
log_u_div_umsy,1952,-4.98135992021495,0.0327631501707805,-5.02891930044869,-4.93607386322437
log_u_div_umsy,1953,-4.77648414338622,0.0311433730904781,-4.8199729832532,-4.73265399039823
log_u_div_umsy,1954,-4.63711847321227,0.0224671645227672,-4.66985872965787,-4.60539630408155
log_u_div_umsy,1955,-4.52507834580608,0.026981074341632,-4.56057337794118,-4.48535701147273
log_u_div_umsy,1956,-3.78130555450151,0.0275915404358424,-3.81788203256393,-3.74153075722887
log_u_div_umsy,1957,-3.6875944112154,0.0258443057797003,-3.72474098330875,-3.65308040167116
log_u_div_umsy,1958,-3.63598437168019,0.022637657353865,-3.66963116874939,-3.60558090199069
log_u_div_umsy,1959,-3.24631665026453,0.0230585185770805,-3.27971386930041,-3.21495472652697
log_u_div_umsy,1960,-3.04851431072994,0.0200797950990857,-3.07858877876933,-3.02210022560889
log_u_div_umsy,1961,-2.31099335437121,0.0230962586321162,-2.34761729368063,-2.28151423015277
log_u_div_umsy,1962,-2.4589661026896,0.0243281891431951,-2.4992141870979,-2.42842379617747
log_u_div_umsy,1963,-2.48612269600531,0.0222515274603401,-2.524239469713,-2.46010702992122
log_u_div_umsy,1964,-2.22229708122153,0.0199490088077935,-2.25630039588475,-2.19857879719669
log_u_div_umsy,1965,-1.73969481456698,0.0202526340361693,-1.77382108959853,-1.71641090179329
log_u_div_umsy,1966,-1.09807127291217,0.0152660883089553,-1.12448769334854,-1.07763936700043
log_u_div_umsy,1967,-0.949180101687092,0.0175876454314808,-0.981592608751658,-0.926859489237873
log_u_div_umsy,1968,-1.07072098636975,0.0161220346449401,-1.1010641510392,-1.05124865549784
log_u_div_umsy,1969,-1.13910610556047,0.0162310923893832,-1.16860198592861,-1.11997652325305
log_u_div_umsy,1970,-0.986069587833964,0.017099500195375,-1.01596961833201,-0.962787035470426
log_u_div_umsy,1971,-0.919461135216969,0.0193557064214796,-0.950771733325635,-0.890998813502592
log_u_div_umsy,1972,-0.936173067993477,0.0191570484689099,-0.967702235608062,-0.904398623680323
log_u_div_umsy,1973,-0.710847086021198,0.0184334699915933,-0.738486686534549,-0.678643974924236
log_u_div_umsy,1974,-0.955412599275554,0.0187656393939511,-0.990174514465988,-0.928562205162341
log_u_div_umsy,1975,-1.07650712371761,0.0193357305426362,-1.110725369425,-1.04880582675202
log_u_div_umsy,1976,-1.13759396355068,0.0177031507711043,-1.16894770498236,-1.11142726571454
log_u_div_umsy,1977,-0.816131069971228,0.0219157272670092,-0.851530557025186,-0.783278808396366
log_u_div_umsy,1978,-0.66388415958046,0.0253793566113474,-0.703366606145509,-0.625783190611329
log_u_div_umsy,1979,-0.786737546207734,0.0220551461743622,-0.82231370608782,-0.75247235890704
log_u_div_umsy,1980,-0.830000287040602,0.0238907588959382,-0.867149682912509,-0.792371302493046
log_u_div_umsy,1981,-0.813420966374393,0.0229146296683997,-0.850013418660638,-0.778064460465809
log_u_div_umsy,1982,-0.676314547069307,0.0230156678373971,-0.713375140392621,-0.640718019313784
log_u_div_umsy,1983,-0.707788335758426,0.0272868211259866,-0.751827536827421,-0.66822657238177
log_u_div_umsy,1984,-1.04993880491774,0.02976597478366,-1.09857256326601,-1.00920942248328
log_u_div_umsy,1985,-0.419155355154275,0.0352305064297877,-0.477151787865939,-0.373178953852617
log_u_div_umsy,1986,-8.00430562402487,0.0412641003017087,-8.07100134643787,-7.94896500052539
log_u_div_umsy,1987,-9.66392247293637,0.0443308967154572,-9.73306176812809,-9.60193241044556
log_u_div_umsy,1988,-7.9736724702174,0.0430799211130027,-8.04183045386794,-7.91656804879621
log_u_div_umsy,1989,-8.23749761684786,0.0404697560415929,-8.3016583814087,-8.1825697901055
log_u_div_umsy,1990,-9.63974450980918,0.0406127122502325,-9.70521600107706,-9.584786549958
log_u_div_umsy,1991,-8.51817221663035,0.041804529734399,-8.58629562976021,-8.4613738308714
log_u_div_umsy,1992,-8.21341903676062,0.0471935734827273,-8.29224185423673,-8.15159099499444
log_u_div_umsy,1993,-8.49641375801784,0.0619224689584142,-8.60057735078551,-8.41279829635875
log_u_div_umsy,1994,-8.48634240152368,0.0783717528203295,-8.630392062192,-8.38329700370454
log_u_div_umsy,1995,-8.53461154352263,0.103344361284725,-8.73674889564215,-8.40285453944325
log_u_div_umsy,1996,-8.1614919784118,0.1313983357919,-8.40637224076811,-7.98688562441608
log_u_div_umsy,1997,-9.12149406236701,0.14167601122155,-9.37014632707196,-8.91273810334305
log_u_div_umsy,1998,-9.21471314604616,0.149156937872718,-9.46200369874146,-8.97654376999627
log_u_div_umsy,1999,-9.31383861226447,0.151291591075343,-9.55456438695439,-9.07358117581647
m,1950,2,0,2,2
msy,1950,164820.440978149,6103.40926059252,156512.227533546,174468.484800572
pen,1950,0,0,0,0
plim,1950,0.05,0,0.05,0.05
proc_errors,1950,0.562415698926348,0.00874026292075467,0.547515435884306,0.573901974029591
proc_errors,1951,0.492554324962708,0.00566135197835115,0.482249037569214,0.501274861561398
proc_errors,1952,0.463061024144036,0.00634176828990916,0.453049535251107,0.471868297078213
proc_errors,1953,0.465092207532366,0.0101739090987543,0.449682645144134,0.480281136489615
proc_errors,1954,0.462243721483786,0.00579473917514247,0.452146895712825,0.469974236436293
proc_errors,1955,0.480420250658787,0.00653168874726387,0.469792068924095,0.49003987809571
proc_errors,1956,0.457687453088686,0.00731124140848156,0.447276749131108,0.468991978613766
proc_errors,1957,0.470028043655725,0.00824895039339754,0.457112564131868,0.482049293436302
proc_errors,1958,0.498879038063713,0.0074041957981641,0.487642286674149,0.509560503221426
proc_errors,1959,0.540888892261325,0.00970809360760336,0.525401910211238,0.554964037384446
proc_errors,1960,0.487488216717924,0.00675115856599214,0.477225163311854,0.498675748889815
proc_errors,1961,0.525196382282694,0.00746635927994302,0.513945474899987,0.536201068481567
proc_errors,1962,0.48025659640249,0.00834662207746374,0.467568656662996,0.492346415051647
proc_errors,1963,0.504688564588088,0.00902632329416094,0.491477977707158,0.518231809297625
proc_errors,1964,0.54032347882165,0.00853863062400084,0.527376075423617,0.552806788848144
proc_errors,1965,0.522604629710147,0.0111548336434415,0.505334145236742,0.537204832693789
proc_errors,1966,0.509672847751605,0.00774841999602964,0.497608116928213,0.521424035512391
proc_errors,1967,0.486827672970282,0.00929016016697868,0.472533555296278,0.499873724125798
proc_errors,1968,0.48769948675124,0.00802368683828445,0.475522724060525,0.499334958086257
proc_errors,1969,0.477373083812018,0.00704504452644076,0.465673818058574,0.487322587733147
proc_errors,1970,0.51035290338637,0.007062145781005,0.49826735267455,0.519546566540164
proc_errors,1971,0.495103981768597,0.00862646357868726,0.481505481407674,0.507078550600832
proc_errors,1972,0.46884074158563,0.00799216995090689,0.456117729343589,0.479911104944428
proc_errors,1973,0.563815149304834,0.0100285153589929,0.549283980673715,0.581667797979447
proc_errors,1974,0.565595930014903,0.00859675470680586,0.552103738594109,0.579035257792257
proc_errors,1975,0.49582661402043,0.00872576342415626,0.482205349509519,0.507747762382185
proc_errors,1976,0.510650078634933,0.00584570213260416,0.501349364392822,0.518918643646139
proc_errors,1977,0.475760493174725,0.00625281500082631,0.465685259365806,0.484662882081399
proc_errors,1978,0.426284949787695,0.0087808807280354,0.413314858947538,0.438697286425156
proc_errors,1979,0.517310026917364,0.00742671106504389,0.505249600287588,0.527779309273267
proc_errors,1980,0.458729036012003,0.00802921696218621,0.4462725789313,0.470694766838113
proc_errors,1981,0.426802823075175,0.00695878472156334,0.416264162675784,0.43671856725253
proc_errors,1982,0.469906462657531,0.00602583286556496,0.460066372023568,0.479124223069428
proc_errors,1983,0.472654239236167,0.00709414428395241,0.462220358011785,0.48382910915273
proc_errors,1984,0.467263489575347,0.00542563210125115,0.459107299712502,0.475951148879673
proc_errors,1985,0.425163755028045,0.00578676214711206,0.415506362957539,0.433057250165272
proc_errors,1986,0.480462770905167,0.00615144996544164,0.470519113466953,0.490191174068642
proc_errors,1987,0.410575954476463,0.00796982994323353,0.399169788565085,0.423011757387693
proc_errors,1988,0.483523922015119,0.00937285417818772,0.469321245218182,0.496557914653855
proc_errors,1989,0.461903478938287,0.0074847192727049,0.450053003560465,0.472838773628771
proc_errors,1990,0.440603626745278,0.0071635386863672,0.428740342226349,0.451378719846297
proc_errors,1991,0.448557850405682,0.0067057142322595,0.438538766107521,0.459114826168782
proc_errors,1992,0.458227752215934,0.00536644784559668,0.449391164146868,0.466054832775326
proc_errors,1993,0.457080585222298,0.00718994721230064,0.445854849017836,0.46731477649352
proc_errors,1994,0.487546582178698,0.0074058895284457,0.475828935249642,0.497966958098001
proc_errors,1995,0.523335119840083,0.00855231908870206,0.510593689782818,0.536077003652411
proc_errors,1996,0.460309810477047,0.006097498787389,0.450075624268615,0.468578706519262
proc_errors,1997,0.482648696650705,0.00863547985064303,0.469463479426797,0.495278004967889
proc_errors,1998,0.484654451295437,0.00737380945589969,0.472768089647581,0.495648945681451
r,1950,1.37054139307758,0.0339885337303581,1.32213162509249,1.42547253686927
sigma_obs,1950,1.23303896452728,0.0162033887702847,1.21154523917184,1.25952814288285
sigma_proc,1950,1.21208766403337,0.0130222956832199,1.19368069440352,1.23264848835161
sigma_ratio,1950,0.983041090057395,0.00303559735956025,0.976369951386394,0.986487837412845
terminal_ref,1950,0.0680492529939891,0.0098079929241136,0.0532842115284419,0.0853257086852859
u_t,1950,0.00209577837363262,3.07877047850939e-05,0.00203557275325221,0.0021320660994437
u_t,1951,0.00369581625202455,2.56284972151366e-05,0.00366089802402399,0.00374299820821595
u_t,1952,0.00470317055375909,6.32896537169473e-05,0.00460349740680046,0.00483038428764534
u_t,1953,0.00577237266222774,6.37595408139347e-05,0.00567307172287706,0.00590290012075964
u_t,1954,0.00663543512685892,5.65125454336418e-05,0.00655035242336331,0.00674083083250462
u_t,1955,0.00742225567925385,7.79320710866662e-05,0.00731497063130832,0.0075796590087365
u_t,1956,0.0156152326073069,0.000149981707432629,0.0154160843054669,0.0159375014645362
u_t,1957,0.0171490489942905,0.00013427452374977,0.016950246307545,0.0173720906865927
u_t,1958,0.0180572337638845,0.000125727186001763,0.0178567198702047,0.018273133463129
u_t,1959,0.0266612415876061,0.000173017669604136,0.0264186167951134,0.0269969326162603
u_t,1960,0.0324928652609213,0.000244666746303915,0.0321140095469487,0.0329252423398188
u_t,1961,0.0679351081202722,0.000606191947116118,0.0670203640430115,0.068917194177949
u_t,1962,0.0585908485542754,0.000511282098256033,0.0577727446024319,0.0593511903751879
u_t,1963,0.0570213893584337,0.000526605806654158,0.0562120585167503,0.0578750021700144
u_t,1964,0.0742366650481693,0.000733032459315651,0.0732092580003143,0.075455970729121
u_t,1965,0.120285220818353,0.00125158739757326,0.118554155892337,0.122395600878587
u_t,1966,0.228495213186115,0.00289186696755811,0.22436656200485,0.232872004611677
u_t,1967,0.265177017023125,0.003167129508303,0.260740671949545,0.270201689862398
u_t,1968,0.234835710018803,0.00333457447837765,0.230223205496325,0.23992502160071
u_t,1969,0.21931310774663,0.00310372306399888,0.214858953153915,0.223934665572102
u_t,1970,0.255572857038552,0.00303964143061146,0.251016952931012,0.26039605037109
u_t,1971,0.273169597654993,0.00266581567834721,0.269451115062303,0.277911859715354
u_t,1972,0.268647181451039,0.00307882197233231,0.264581891880357,0.273921015362562
u_t,1973,0.336543811678937,0.00395499842496897,0.331232025833543,0.343314235352795
u_t,1974,0.263535194560583,0.00360122213697858,0.258866617590966,0.269271250593691
u_t,1975,0.233473988224587,0.00279008409238525,0.229325410227061,0.237877587881472
u_t,1976,0.219640115292685,0.00274198049188442,0.215504542848009,0.223918238207192
u_t,1977,0.302903314876401,0.00264844021844101,0.299221428051186,0.306935035176147
u_t,1978,0.352713974910009,0.00295517003131862,0.348257274889144,0.357147127760991
u_t,1979,0.311938365645532,0.00267181086705795,0.308181975952065,0.316385357029057
u_t,1980,0.298727692828005,0.00216293341960512,0.29553340125228,0.302270125693039
u_t,1981,0.303722324643707,0.00228669223663099,0.300378800600152,0.307499225632735
u_t,1982,0.348354202937051,0.00260001089607425,0.344789736662944,0.352725145964051
u_t,1983,0.337563926418981,0.00288966797261219,0.332308120128322,0.34155933237041
u_t,1984,0.239755816351113,0.00246922496177167,0.234893867946699,0.243404552311794
u_t,1985,0.450543910485283,0.00648033324050765,0.437355523099302,0.458226680562535
u_t,1986,0.000228866075098861,4.32879611103573e-06,0.000220369062041855,0.000233764547261879
u_t,1987,4.35351642034318e-05,9.28954875523405e-07,4.18763944287288e-05,4.47632092774688e-05
u_t,1988,0.000235994096627639,4.89447011503865e-06,0.000227132908429196,0.000241713899193646
u_t,1989,0.000181263344487244,3.48308743820071e-06,0.00017517814217579,0.000185469867256317
u_t,1990,4.46005476667529e-05,9.462366154901e-07,4.29881892654883e-05,4.57544494537578e-05
u_t,1991,0.000136923184179999,3.47764127649817e-06,0.000131075025961839,0.000141128051794221
u_t,1992,0.000185760318434087,6.40138549906908e-06,0.000174707574840601,0.000193686448968081
u_t,1993,0.000140060320738265,6.77574937533839e-06,0.00012797225136857,0.000148301703839724
u_t,1994,0.000141636573554627,9.42343613629318e-06,0.000123307528756648,0.000153381404522124
u_t,1995,0.000135256678743007,1.24460681414849e-05,0.000110084319633535,0.000151136714553333
u_t,1996,0.000197065719641734,2.39022587365809e-05,0.000153263951074163,0.000229812568389767
u_t,1997,7.55647798263502e-05,1.01446129315155e-05,5.83601679810571e-05,9.13093196808515e-05
u_t,1998,6.89309743142728e-05,1.01055717867818e-05,5.32093972624483e-05,8.60301034971994e-05
u_t,1999,6.24597944900099e-05,9.60328405728885e-06,4.85684813618531e-05,7.83069952176602e-05
umsy,1950,0.685270696538789,0.016994266865179,0.661065812546244,0.712736268434635
b,1950,477201.590112828,0.0147840157956901,469028.61050536,491262.225053034
b,1951,270582.706281978,0.00691971375860246,267165.503273787,273157.02142977
b,1952,212641.716365606,0.0134300161714226,207022.86645269,217226.146047314
b,1953,173249.523862949,0.0110241656001757,169408.253495739,176271.348019785
b,1954,150711.470815439,0.00850574722734817,148349.665663077,152663.541649366
b,1955,134737.318254399,0.0104611458478092,131932.056437646,136705.948719321
b,1956,128085.944687739,0.00957452583237482,125490.1845469,129734.630429054
b,1957,116628.111482451,0.00782232309892773,115127.190853836,117992.385699562
b,1958,110761.617146746,0.00695812754026423,109450.303312085,112002.653037723
b,1959,112525.255000827,0.00647942240135175,111123.735529651,113556.285847807
b,1960,123107.433627001,0.00752546875256086,121487.336638364,124556.231265748
b,1961,119236.171700752,0.00892113591288771,117532.353088628,120858.788490872
b,1962,122890.765463218,0.00873172888682944,121311.804438857,124626.241143464
b,1963,115750.972128785,0.00923354961097311,114038.872614412,117412.529876492
b,1964,115851.364722986,0.00987265458642354,113973.750745782,117471.481544448
b,1965,123047.534707387,0.0103963297903882,120919.378586919,124837.462581386
b,1966,122112.983221443,0.0126505934213355,119808.304336662,124350.080291507
b,1967,111631.493441303,0.0119276050419569,109547.797492828,113522.757223626
b,1968,97098.9215596992,0.0141841462363695,95029.6882247469,99034.3260656011
b,1969,88010.8364069915,0.0141423111084636,86185.8522742328,89826.3708201361
b,1970,79826.3168437742,0.0118792953252739,78342.2020924106,81269.4113365031
b,1971,76878.9663317131,0.00973551573057206,75563.5258657506,77936.2148685912
b,1972,71473.8817990287,0.0114372828410229,70093.1981235364,72567.3244824859
b,1973,63591.941380438,0.0117358031483124,62333.5644035384,64607.2792815758
b,1974,66410.968202871,0.013628973050157,64990.2281133338,67602.3821421671
b,1975,72017.4367535544,0.011936968400392,70679.210049921,73315.0329292205
b,1976,68963.624239836,0.0124735175136372,67640.7608476525,70281.5810740572
b,1977,68813.3644529697,0.00874245890348578,67906.8780403174,69657.4444441652
b,1978,61258.5823671839,0.00837930201197761,60496.0766204048,62040.3407433076
b,1979,48117.0369910535,0.00856050161462709,47438.9843482489,48701.7449799241
b,1980,47817.3748093803,0.00723789096570857,47255.7450637592,48332.9462584955
b,1981,42444.5749604294,0.00752574601681506,41922.0567907644,42915.8115517506
b,1982,35240.9736655081,0.00745602137195904,34803.3026294431,35604.3080623519
b,1983,31817.3637695064,0.00857541480880102,31444.0244591167,32319.4028357147
b,1984,29202.097746489,0.0103337738127026,28762.8145581987,29804.9500475266
b,1985,27933.6000561666,0.0144852851698939,27462.3904149097,28772.9303482968
b,1986,21850.788413559,0.019075751148066,21389.0432005445,22689.2103352043
b,1987,22975.2130280983,0.0214861689080494,22339.7744757625,23879.8018225329
b,1988,21191.5782434245,0.0209199641927942,20685.612274306,22013.5427957478
b,1989,22071.461637043,0.0193879215680077,21566.8456606865,22833.898969554
b,1990,22426.3807339766,0.0214939917047553,21855.7978988648,23262.2033581133
b,1991,21917.337115223,0.0258816781688696,21257.2905376434,22887.65520538
b,1992,21546.3594083888,0.035384998110345,20651.9352352884,22895.4012106842
b,1993,21445.6003858232,0.0501211637012008,20229.0325894288,23442.5822018319
b,1994,21230.6980943987,0.0695676318451171,19559.0854695729,24329.4147069992
b,1995,22280.6212767419,0.0968651975623513,19849.5779748087,27251.8387180079
b,1996,25570.0912588504,0.126578646778122,21756.8605758861,32623.4609449702
b,1997,26712.5825341063,0.136927123855395,21903.5692294866,34269.9507135099
b,1998,29322.460550258,0.145156021566994,23247.6763968453,37587.3465155745
b,1999,32378.0026043949,0.147449126852467,25540.5025141526,41178.9710695463
b_div_bmsy,1950,1.98479313573012,0.000564509990652838,1.98304475129231,1.98643767170744
b_div_bmsy,1951,1.12541682425821,0.0154940223074381,1.09594819334407,1.14832834972695
b_div_bmsy,1952,0.884426682049694,0.012095195588052,0.865966431013853,0.901324443015756
b_div_bmsy,1953,0.720585330929828,0.0106719830540871,0.708224855920401,0.731685116938388
b_div_bmsy,1954,0.626844291695565,0.0165710029966278,0.609868599853284,0.641495891272154
b_div_bmsy,1955,0.560404051325115,0.0150540132578584,0.547052893653333,0.572016907771033
b_div_bmsy,1956,0.532739431441594,0.0137882714737993,0.520601723416561,0.542279521768748
b_div_bmsy,1957,0.485083620632542,0.0128606323861662,0.474798984606661,0.494276268709525
b_div_bmsy,1958,0.460683497226511,0.0150313722542488,0.449381571225494,0.471127229973048
b_div_bmsy,1959,0.46801887996458,0.0153950611394334,0.455859439422198,0.478420852954925
b_div_bmsy,1960,0.512032638370823,0.0175221805188034,0.49766056213762,0.525447606296167
b_div_bmsy,1961,0.495931153679594,0.0151604493340573,0.484138809966502,0.508709435637719
b_div_bmsy,1962,0.51113146475129,0.0134986197503423,0.500990548042204,0.523371646956149
b_div_bmsy,1963,0.481435392704751,0.0153418608716753,0.470926886284742,0.494294914620006
b_div_bmsy,1964,0.481852949007952,0.0178311378343465,0.469585135016762,0.496538445908975
b_div_bmsy,1965,0.511783504740613,0.0177418720245327,0.49937732953176,0.527338593006034
b_div_bmsy,1966,0.507896486313348,0.0225259462332594,0.491398658122669,0.523970870759313
b_div_bmsy,1967,0.464301516391039,0.020450677840523,0.450991985246791,0.478402938582143
b_div_bmsy,1968,0.403857147569273,0.0227670110854865,0.391300421903967,0.417436335162779
b_div_bmsy,1969,0.366057673716388,0.022701476756942,0.354990767117135,0.378302093586559
b_div_bmsy,1970,0.332016340692997,0.0208377066761795,0.322268635915242,0.342080787811485
b_div_bmsy,1971,0.319757619879543,0.0183776310123183,0.310739453350683,0.327757580011029
b_div_bmsy,1972,0.297276607869553,0.0197275435600558,0.288560442043753,0.304815101551134
b_div_bmsy,1973,0.264493772348502,0.0208704237586002,0.256322073355497,0.271290478100771
b_div_bmsy,1974,0.276218764893647,0.0206436716339129,0.267438095155665,0.283996837207029
b_div_bmsy,1975,0.299537380182528,0.0191186841724453,0.291165311238599,0.307844470353369
b_div_bmsy,1976,0.286835858979294,0.0206886133070444,0.27823326118739,0.295235300501469
b_div_bmsy,1977,0.286210893346891,0.016050579334333,0.279327903914351,0.292692519490241
b_div_bmsy,1978,0.254788785926295,0.0128660705433813,0.249815164159314,0.259661029180136
b_div_bmsy,1979,0.200130022007963,0.0157001098267506,0.195446300323057,0.20457535295821
b_div_bmsy,1980,0.198883656837465,0.0137769131799037,0.194540109477703,0.202600968574414
b_div_bmsy,1981,0.176536924385613,0.0146965995074142,0.172506492388796,0.179982486989403
b_div_bmsy,1982,0.14657546009268,0.0145864895393489,0.143374097169066,0.149306418101553
b_div_bmsy,1983,0.132335864999556,0.010542089109271,0.130219605418436,0.134142430406719
b_div_bmsy,1984,0.121458361323665,0.0083146175566468,0.119989316370626,0.122823295344639
b_div_bmsy,1985,0.116182382448896,0.00478047497042437,0.115413297834815,0.117102972682924
b_div_bmsy,1986,0.0908825447192434,0.00574724780271403,0.0901290458383854,0.0917810787393788
b_div_bmsy,1987,0.0955592899414376,0.00847404002782533,0.0943522611730056,0.0967772940673027
b_div_bmsy,1988,0.0881407352873487,0.00869605912349136,0.0871655776873713,0.0894018775340165
b_div_bmsy,1989,0.0918003763197353,0.0100348479060283,0.0907971269089547,0.0933188740311323
b_div_bmsy,1990,0.0932765679375518,0.0147785648278281,0.0917849985510464,0.0955726690324398
b_div_bmsy,1991,0.0911593363498479,0.0218650114564214,0.0890287592141971,0.0946177701222826
b_div_bmsy,1992,0.0896163532138123,0.0327522331889989,0.0863919180239364,0.0948837125290403
b_div_bmsy,1993,0.0891972728492566,0.0469162538847902,0.0848093543195287,0.0970995127883506
b_div_bmsy,1994,0.0883034439062914,0.0674086196098688,0.0818873282762735,0.10051066274963
b_div_bmsy,1995,0.0926703202297041,0.0953210962351238,0.0829667016353925,0.112783084829006
b_div_bmsy,1996,0.106351996016106,0.125350867595003,0.0908623527296572,0.135178683876026
b_div_bmsy,1997,0.111103884709988,0.13568665434617,0.0914514651446334,0.141863523095223
b_div_bmsy,1998,0.121958978403884,0.144243875791631,0.0970702994820502,0.155534055835248
b_div_bmsy,1999,0.134667693170638,0.146660799312918,0.106568422162307,0.170651417320402
c_div_msy,1950,0.00607134218229861,0.0368605053877528,0.00573169418617937,0.00638927715609088
c_div_msy,1951,0.00607134218229861,0.0368605053877528,0.00573169418617937,0.00638927715609088
c_div_msy,1952,0.00607134218229861,0.0368605053877528,0.00573169418617937,0.00638927715609088
c_div_msy,1953,0.00607134218229861,0.0368605053877528,0.00573169418617937,0.00638927715609088
c_div_msy,1954,0.00607134218229861,0.0368605053877528,0.00573169418617937,0.00638927715609088
c_div_msy,1955,0.00607134218229861,0.0368605053877528,0.00573169418617937,0.00638927715609088
c_div_msy,1956,0.0121426843645972,0.0368605053877528,0.0114633883723587,0.0127785543121818
c_div_msy,1957,0.0121426843645972,0.0368605053877528,0.0114633883723587,0.0127785543121818
c_div_msy,1958,0.0121426843645972,0.0368605053877528,0.0114633883723587,0.0127785543121818
c_div_msy,1959,0.0182140265468958,0.0368605053877528,0.0171950825585381,0.0191678314682727
c_div_msy,1960,0.0242853687291944,0.0368605053877528,0.0229267767447175,0.0255571086243635
c_div_msy,1961,0.0491778716766187,0.0368605053877528,0.0464267229080529,0.0517531449643362
c_div_msy,1962,0.04371366371255,0.0368605053877528,0.0412681981404914,0.0460027955238544
c_div_msy,1963,0.0400708584031708,0.0368605053877528,0.0378291816287838,0.0421692292301999
c_div_msy,1964,0.052213542767768,0.0368605053877528,0.0492925700011425,0.0549477835423816
c_div_msy,1965,0.0898558642980194,0.0368605053877528,0.0848290739554546,0.0945613019101452
c_div_msy,1966,0.169390446886131,0.0368605053877528,0.159914267794404,0.178260832654936
c_div_msy,1967,0.179711728596039,0.0368605053877528,0.169658147910909,0.18912260382029
c_div_msy,1968,0.138426601756408,0.0368605053877528,0.130682627444889,0.145675519158872
c_div_msy,1969,0.117176904118363,0.0368605053877528,0.110621697793262,0.123313049112554
c_div_msy,1970,0.123855380518892,0.0368605053877528,0.116926561398059,0.130341253984254
c_div_msy,1971,0.127498185828271,0.0368605053877528,0.120365577909767,0.134174820277909
c_div_msy,1972,0.116569769900133,0.0368605053877528,0.110048528374644,0.122674121396945
c_div_msy,1973,0.12992672270119,0.0368605053877528,0.122658255584238,0.136730531140345
c_div_msy,1974,0.106248488190226,0.0368605053877528,0.100304648258139,0.111812350231591
c_div_msy,1975,0.102077476110987,0.0368605053877528,0.0963669743522336,0.107422916825356
c_div_msy,1976,0.0919565486930947,0.0368605053877528,0.0868122401438726,0.0967719918061526
c_div_msy,1977,0.12654498510565,0.0368605053877528,0.119465701922536,0.133171703764402
c_div_msy,1978,0.131177419190744,0.0368605053877528,0.123838984586591,0.1380467222345
c_div_msy,1979,0.0911247748141198,0.0368605053877528,0.0860269980403661,0.0958966608357682
c_div_msy,1980,0.0867230517319533,0.0368605053877528,0.081871519755386,0.0912644348976023
c_div_msy,1981,0.0782656720720114,0.0368605053877528,0.0738872697540382,0.0823641718191677
c_div_msy,1982,0.0745317966298977,0.0368605053877528,0.0703622778295379,0.0784347663681717
c_div_msy,1983,0.0652062150378871,0.0368605053877528,0.0615583955595664,0.0686208366564161
c_div_msy,1984,0.0425054666182726,0.0368605053877528,0.0401275909974417,0.0447313293697923
c_div_msy,1985,0.0764017700220457,0.0368605053877528,0.0721276396388811,0.0804026637322478
c_div_msy,1986,3.0356710911493e-05,0.0368605053877528,2.86584709308968e-05,3.19463857804544e-05
c_div_msy,1987,6.07134218229861e-06,0.0368605053877528,5.73169418617936e-06,6.3892771560909e-06
c_div_msy,1988,3.0356710911493e-05,0.0368605053877528,2.86584709308968e-05,3.19463857804544e-05
c_div_msy,1989,2.42853687291945e-05,0.0368605053877528,2.29267767447175e-05,2.55571086243635e-05
c_div_msy,1990,6.07134218229861e-06,0.0368605053877528,5.73169418617936e-06,6.3892771560909e-06
c_div_msy,1991,1.82140265468958e-05,0.0368605053877528,1.71950825585381e-05,1.91678314682727e-05
c_div_msy,1992,2.42853687291945e-05,0.0368605053877528,2.29267767447175e-05,2.55571086243635e-05
c_div_msy,1993,1.82140265468958e-05,0.0368605053877528,1.71950825585381e-05,1.91678314682727e-05
c_div_msy,1994,1.82140265468958e-05,0.0368605053877528,1.71950825585381e-05,1.91678314682727e-05
c_div_msy,1995,1.82140265468958e-05,0.0368605053877528,1.71950825585381e-05,1.91678314682727e-05
c_div_msy,1996,3.0356710911493e-05,0.0368605053877528,2.86584709308968e-05,3.19463857804544e-05
c_div_msy,1997,1.21426843645972e-05,0.0368605053877528,1.14633883723587e-05,1.27785543121818e-05
c_div_msy,1998,1.21426843645972e-05,0.0368605053877528,1.14633883723587e-05,1.27785543121818e-05
c_div_msy,1999,1.21426843645972e-05,0.0368605053877528,1.14633883723587e-05,1.27785543121818e-05
depletion,1950,0.99239656786506,0.000564509990652839,0.991522375646157,0.99321883585372
depletion,1951,0.562708412129107,0.0154940223074381,0.547974096672034,0.574164174863476
depletion,1952,0.442213341024847,0.012095195588052,0.432983215506926,0.450662221507878
depletion,1953,0.360292665464914,0.0106719830540871,0.354112427960201,0.365842558469194
depletion,1954,0.313422145847782,0.0165710029966278,0.304934299926642,0.320747945636077
depletion,1955,0.280202025662557,0.0150540132578584,0.273526446826666,0.286008453885517
depletion,1956,0.266369715720797,0.0137882714737992,0.260300861708281,0.271139760884374
depletion,1957,0.242541810316271,0.0128606323861662,0.237399492303331,0.247138134354762
depletion,1958,0.230341748613256,0.0150313722542488,0.224690785612747,0.235563614986524
depletion,1959,0.23400943998229,0.0153950611394334,0.227929719711099,0.239210426477462
depletion,1960,0.256016319185412,0.0175221805188034,0.24883028106881,0.262723803148083
depletion,1961,0.247965576839797,0.0151604493340573,0.242069404983251,0.25435471781886
depletion,1962,0.255565732375645,0.0134986197503423,0.250495274021102,0.261685823478074
depletion,1963,0.240717696352375,0.0153418608716753,0.235463443142371,0.247147457310003
depletion,1964,0.240926474503976,0.0178311378343465,0.234792567508381,0.248269222954487
depletion,1965,0.255891752370306,0.0177418720245327,0.24968866476588,0.263669296503017
depletion,1966,0.253948243156674,0.0225259462332594,0.245699329061334,0.261985435379657
depletion,1967,0.232150758195519,0.020450677840523,0.225495992623395,0.239201469291071
depletion,1968,0.201928573784637,0.0227670110854865,0.195650210951983,0.20871816758139
depletion,1969,0.183028836858194,0.022701476756942,0.177495383558568,0.18915104679328
depletion,1970,0.166008170346499,0.0208377066761795,0.161134317957621,0.171040393905742
depletion,1971,0.159878809939772,0.0183776310123183,0.155369726675342,0.163878790005514
depletion,1972,0.148638303934777,0.0197275435600558,0.144280221021876,0.152407550775567
depletion,1973,0.132246886174251,0.0208704237586002,0.128161036677748,0.135645239050386
depletion,1974,0.138109382446823,0.0206436716339129,0.133719047577833,0.141998418603514
depletion,1975,0.149768690091264,0.0191186841724453,0.1455826556193,0.153922235176684
depletion,1976,0.143417929489647,0.0206886133070444,0.139116630593695,0.147617650250734
depletion,1977,0.143105446673445,0.016050579334333,0.139663951957175,0.146346259745121
depletion,1978,0.127394392963147,0.0128660705433813,0.124907582079657,0.129830514590068
depletion,1979,0.100065011003982,0.0157001098267506,0.0977231501615286,0.102287676479105
depletion,1980,0.0994418284187326,0.0137769131799037,0.0972700547388513,0.101300484287207
depletion,1981,0.0882684621928067,0.0146965995074142,0.0862532461943979,0.0899912434947014
depletion,1982,0.0732877300463402,0.0145864895393489,0.0716870485845332,0.0746532090507763
depletion,1983,0.0661679324997779,0.010542089109271,0.0651098027092182,0.0670712152033595
depletion,1984,0.0607291806618325,0.0083146175566468,0.0599946581853131,0.0614116476723198
depletion,1985,0.0580911912244481,0.00478047497042437,0.0577066489174075,0.0585514863414618
depletion,1986,0.0454412723596217,0.00574724780271403,0.0450645229191927,0.0458905393696894
depletion,1987,0.0477796449707188,0.00847404002782533,0.0471761305865028,0.0483886470336514
depletion,1988,0.0440703676436744,0.00869605912349135,0.0435827888436857,0.0447009387670083
depletion,1989,0.0459001881598676,0.0100348479060283,0.0453985634544773,0.0466594370155662
depletion,1990,0.0466382839687759,0.0147785648278281,0.0458924992755232,0.0477863345162199
depletion,1991,0.0455796681749239,0.0218650114564214,0.0445143796070985,0.0473088850611413
depletion,1992,0.0448081766069061,0.0327522331889989,0.0431959590119682,0.0474418562645201
depletion,1993,0.0445986364246283,0.0469162538847902,0.0424046771597643,0.0485497563941753
depletion,1994,0.0441517219531457,0.0674086196098688,0.0409436641381368,0.050255331374815
depletion,1995,0.0463351601148521,0.0953210962351238,0.0414833508176963,0.056391542414503
depletion,1996,0.0531759980080531,0.125350867595003,0.0454311763648286,0.067589341938013
depletion,1997,0.0555519423549939,0.13568665434617,0.0457257325723167,0.0709317615476114
depletion,1998,0.0609794892019418,0.144243875791631,0.0485351497410251,0.077767027917624
depletion,1999,0.0673338465853192,0.146660799312918,0.0532842110811534,0.0853257086602009
ihat,1950,477201.590112828,0.0147840157956901,469028.61050536,491262.225053034
ihat,1951,270582.706281978,0.00691971375860246,267165.503273787,273157.02142977
ihat,1952,212641.716365606,0.0134300161714226,207022.86645269,217226.146047314
ihat,1953,173249.523862949,0.0110241656001757,169408.253495739,176271.348019785
ihat,1954,150711.470815439,0.00850574722734817,148349.665663077,152663.541649366
ihat,1955,134737.318254399,0.0104611458478092,131932.056437646,136705.948719321
ihat,1956,128085.944687739,0.00957452583237482,125490.1845469,129734.630429054
ihat,1957,116628.111482451,0.00782232309892773,115127.190853836,117992.385699562
ihat,1958,110761.617146746,0.00695812754026423,109450.303312085,112002.653037723
ihat,1959,112525.255000827,0.00647942240135175,111123.735529651,113556.285847807
ihat,1960,123107.433627001,0.00752546875256086,121487.336638364,124556.231265748
ihat,1961,119236.171700752,0.00892113591288771,117532.353088628,120858.788490872
ihat,1962,122890.765463218,0.00873172888682944,121311.804438857,124626.241143464
ihat,1963,115750.972128785,0.00923354961097311,114038.872614412,117412.529876492
ihat,1964,115851.364722986,0.00987265458642354,113973.750745782,117471.481544448
ihat,1965,123047.534707387,0.0103963297903882,120919.378586919,124837.462581386
ihat,1966,122112.983221443,0.0126505934213355,119808.304336662,124350.080291507
ihat,1967,111631.493441303,0.0119276050419569,109547.797492828,113522.757223626
ihat,1968,97098.9215596992,0.0141841462363695,95029.6882247469,99034.3260656011
ihat,1969,88010.8364069915,0.0141423111084636,86185.8522742328,89826.3708201361
ihat,1970,79826.3168437742,0.0118792953252739,78342.2020924106,81269.4113365031
ihat,1971,76878.9663317131,0.00973551573057206,75563.5258657506,77936.2148685912
ihat,1972,71473.8817990287,0.0114372828410229,70093.1981235364,72567.3244824859
ihat,1973,63591.941380438,0.0117358031483124,62333.5644035384,64607.2792815758
ihat,1974,66410.968202871,0.013628973050157,64990.2281133338,67602.3821421671
ihat,1975,72017.4367535544,0.011936968400392,70679.210049921,73315.0329292205
ihat,1976,68963.624239836,0.0124735175136372,67640.7608476525,70281.5810740572
ihat,1977,68813.3644529697,0.00874245890348578,67906.8780403174,69657.4444441652
ihat,1978,61258.5823671839,0.00837930201197761,60496.0766204048,62040.3407433076
ihat,1979,48117.0369910535,0.00856050161462709,47438.9843482489,48701.7449799241
ihat,1980,47817.3748093803,0.00723789096570857,47255.7450637592,48332.9462584955
ihat,1981,42444.5749604294,0.00752574601681506,41922.0567907644,42915.8115517506
ihat,1982,35240.9736655081,0.00745602137195904,34803.3026294431,35604.3080623519
ihat,1983,31817.3637695064,0.00857541480880102,31444.0244591167,32319.4028357147
ihat,1984,29202.097746489,0.0103337738127026,28762.8145581987,29804.9500475266
ihat,1985,27933.6000561666,0.0144852851698939,27462.3904149097,28772.9303482968
ihat,1986,21850.788413559,0.019075751148066,21389.0432005445,22689.2103352043
ihat,1987,22975.2130280983,0.0214861689080494,22339.7744757625,23879.8018225329
ihat,1988,21191.5782434245,0.0209199641927942,20685.612274306,22013.5427957478
ihat,1989,22071.461637043,0.0193879215680077,21566.8456606865,22833.898969554
ihat,1990,22426.3807339766,0.0214939917047553,21855.7978988648,23262.2033581133
ihat,1991,21917.337115223,0.0258816781688696,21257.2905376434,22887.65520538
ihat,1992,21546.3594083888,0.035384998110345,20651.9352352884,22895.4012106842
ihat,1993,21445.6003858232,0.0501211637012008,20229.0325894288,23442.5822018319
ihat,1994,21230.6980943987,0.0695676318451171,19559.0854695729,24329.4147069992
ihat,1995,22280.6212767419,0.0968651975623513,19849.5779748087,27251.8387180079
ihat,1996,25570.0912588504,0.126578646778122,21756.8605758861,32623.4609449702
ihat,1997,26712.5825341063,0.136927123855395,21903.5692294866,34269.9507135099
ihat,1998,29322.460550258,0.145156021566994,23247.6763968453,37587.3465155745
ihat,1999,32378.0026043949,0.147449126852467,25540.5025141526,41178.9710695463
sigma_ratio,1950,0.983036393882655,0.00309371130931232,0.976369951386186,0.986487837412559
u_div_umsy,1950,0.00305892945365574,0.0373624129796973,0.00288538481826599,0.00322102906929029
u_div_umsy,1951,0.00539474979530394,0.022031819239021,0.00522945504863302,0.00556693034703236
u_div_umsy,1952,0.00686472073437227,0.0327631501707805,0.00654588087995073,0.00718274351879256
u_div_umsy,1953,0.00842557004937122,0.0311433730904781,0.00806700508038927,0.00880307672820791
u_div_umsy,1954,0.00968556667537978,0.0224671645227672,0.00937359364425575,0.00999773907469315
u_div_umsy,1955,0.0108338656152512,0.026981074341632,0.0104560619490457,0.0112728622610937
u_div_umsy,1956,0.0227929145994302,0.0275915404358424,0.0219742924789523,0.0237177691825437
u_div_umsy,1957,0.0250321467229987,0.0258443057797003,0.0241193469312448,0.0259111888489883
u_div_umsy,1958,0.0263579755682606,0.022637657353865,0.0254858681980303,0.0271716561585141
u_div_umsy,1959,0.0389172901492228,0.0230585185770805,0.037639024947095,0.0401571518362005
u_div_umsy,1960,0.0474293373298726,0.0200797950990857,0.0460241611142811,0.0486988323479635
u_div_umsy,1961,0.0991626989184693,0.0230962586321162,0.0955966698553436,0.10212944208978
u_div_umsy,1962,0.0855233276116556,0.0243281891431951,0.0821495274253482,0.0881757059920599
u_div_umsy,1963,0.0832320577389395,0.0222515274603401,0.0801192227173085,0.0854258073605782
u_div_umsy,1964,0.108359911203753,0.0199490088077935,0.104737255245296,0.110960744075718
u_div_umsy,1965,0.175573975061117,0.0202526340361693,0.169683373123827,0.179709988614458
u_div_umsy,1966,0.333513720710454,0.0152660883089553,0.324818831587904,0.34039813300728
u_div_umsy,1967,0.387058241792784,0.0175876454314808,0.374713850828227,0.39579475828741
u_div_umsy,1968,0.342761302083094,0.0161220346449401,0.332517046996116,0.349501070104384
u_div_umsy,1969,0.3201050340749,0.0162310923893832,0.310801142055356,0.32628745470113
u_div_umsy,1970,0.37304001441729,0.017099500195375,0.362051208095993,0.381827235612997
u_div_umsy,1971,0.39873384683155,0.0193557064214796,0.386442677654816,0.410245789014321
u_div_umsy,1972,0.392125605628832,0.0191570484689099,0.379955083103236,0.404785240179693
u_div_umsy,1973,0.491227908874906,0.0184334699915933,0.477836485033135,0.507304443706333
u_div_umsy,1974,0.384653404091263,0.0187656393939511,0.371511851172149,0.395121405676444
u_div_umsy,1975,0.340783764780155,0.0193357305426362,0.329319995760636,0.350355885023272
u_div_umsy,1976,0.320589444500846,0.0177031507711043,0.310693710750215,0.329088928379694
u_div_umsy,1977,0.442138954341881,0.0219157272670092,0.426761249398783,0.45690544720183
u_div_umsy,1978,0.514847695175606,0.0253793566113474,0.494916307658587,0.534842380912063
u_div_umsy,1979,0.455327860856849,0.0220551461743622,0.439413803064305,0.471200135582033
u_div_umsy,1980,0.436049161157704,0.0238907588959382,0.420147397470983,0.452769866981627
u_div_umsy,1981,0.443338821860598,0.0229146296683997,0.427409196651283,0.459294133483344
u_div_umsy,1982,0.508487550254121,0.0230156678373971,0.489987626423806,0.52691395378931
u_div_umsy,1983,0.492732752667661,0.0272868211259866,0.471504073815887,0.512616861060146
u_div_umsy,1984,0.349959164235742,0.02976597478366,0.333346575397055,0.364507036758701
u_div_umsy,1985,0.657602025467602,0.0352305064297877,0.620548330437708,0.688542004573791
u_div_umsy,1986,0.00033402135696433,0.0412641003017087,0.00031247023340213,0.000353027358738615
u_div_umsy,1987,6.35348189173377e-05,0.0443308967154572,5.92904821551719e-05,6.75979831482451e-05
u_div_umsy,1988,0.000344411818355347,0.0430799211130027,0.000321719518083254,0.000364651648126121
u_div_umsy,1989,0.000264545415855486,0.0404697560415929,0.000248105032972374,0.000279482804365166
u_div_umsy,1990,6.50896823987279e-05,0.0406127122502325,6.09646724892783e-05,6.87670020148169e-05
u_div_umsy,1991,0.000199804290774943,0.041804529734399,0.000186646215307106,0.000211481331424247
u_div_umsy,1992,0.000270992601888774,0.0471935734827273,0.00025045235522382,0.000288276348355457
u_div_umsy,1993,0.000204199365799866,0.0619224689584142,0.000183999530721438,0.000222007743435824
u_div_umsy,1994,0.000206266321461083,0.0783717528203295,0.000178594611242412,0.000228654825516114
u_div_umsy,1995,0.000196546494085143,0.103344361284725,0.000160575086578573,0.000224226346815311
u_div_umsy,1996,0.000285436212282239,0.1313983357919,0.000223438971186126,0.000339890984899554
u_div_umsy,1997,0.000109291267324208,0.14167601122155,8.52309159170225e-05,0.000134662608592006
u_div_umsy,1998,9.9563677258636e-05,0.149156937872718,7.77506459623931e-05,0.000126338749555716
u_div_umsy,1999,9.01677609433106e-05,0.151291591075343,7.08770135137801e-05,0.000114655202114569
